treatment,density,similar_wanted,income_gap,use_affordability,n,n_converged,convergence_rate,tick_mean,tick_ci95,percent_similar_mean,percent_similar_ci95,percent_unhappy_mean,percent_unhappy_ci95,stuck_unhappy_fraction_mean,stuck_unhappy_fraction_ci95,isolation_blue_mean,isolation_blue_ci95,isolation_orange_mean,isolation_orange_ci95,dissimilarity_mean,dissimilarity_ci95,mean_rent_blue_mean,mean_rent_blue_ci95,mean_rent_orange_mean,mean_rent_orange_ci95
replication,70.0,15.0,0.0,true,30,30,1.000000,4.700000,0.532846,54.126101,0.226178,0.000000,0.000000,0.000000,0.000000,53.990521,0.426778,54.229912,0.325812,0.227089,0.005333,0.000000,0.000000,0.000000,0.000000
replication,70.0,20.0,0.0,true,30,30,1.000000,6.966667,0.510270,58.094164,0.352187,0.000000,0.000000,0.000000,0.000000,58.241243,0.450190,57.917012,0.448457,0.257335,0.006671,0.000000,0.000000,0.000000,0.000000
replication,70.0,25.0,0.0,true,30,30,1.000000,8.200000,0.626185,62.185992,0.386562,0.000000,0.000000,0.000000,0.000000,62.507225,0.530059,61.816802,0.472571,0.286022,0.006726,0.000000,0.000000,0.000000,0.000000
replication,70.0,30.0,0.0,true,30,30,1.000000,13.466667,1.360959,72.495905,0.419808,0.000000,0.000000,0.000000,0.000000,72.453426,0.441456,72.520573,0.469397,0.375293,0.009134,0.000000,0.000000,0.000000,0.000000
replication,70.0,35.0,0.0,true,30,30,1.000000,13.433333,1.057721,79.033400,0.330797,0.000000,0.000000,0.000000,0.000000,78.933464,0.333577,79.117494,0.384047,0.427443,0.009122,0.000000,0.000000,0.000000,0.000000
replication,70.0,40.0,0.0,true,30,30,1.000000,13.966667,0.960583,80.616177,0.315713,0.000000,0.000000,0.000000,0.000000,80.531742,0.336489,80.686056,0.349241,0.435708,0.009677,0.000000,0.000000,0.000000,0.000000
replication,70.0,45.0,0.0,true,30,30,1.000000,17.566667,1.153570,87.760583,0.239976,0.000000,0.000000,0.000000,0.000000,87.692108,0.289199,87.814119,0.232184,0.514998,0.010261,0.000000,0.000000,0.000000,0.000000
replication,70.0,50.0,0.0,true,30,30,1.000000,17.900000,1.197395,87.746367,0.281638,0.000000,0.000000,0.000000,0.000000,87.735144,0.295887,87.744471,0.305803,0.516251,0.012426,0.000000,0.000000,0.000000,0.000000
replication,70.0,55.0,0.0,true,30,30,1.000000,26.266667,1.895715,94.674403,0.204071,0.000000,0.000000,0.000000,0.000000,94.628792,0.208900,94.710580,0.214153,0.630954,0.010706,0.000000,0.000000,0.000000,0.000000
replication,70.0,60.0,0.0,true,30,30,1.000000,28.566667,1.360797,96.333712,0.110155,0.000000,0.000000,0.000000,0.000000,96.325036,0.123016,96.336773,0.109286,0.643897,0.010625,0.000000,0.000000,0.000000,0.000000
replication,70.0,65.0,0.0,true,30,30,1.000000,36.066667,1.973322,98.345717,0.080615,0.000000,0.000000,0.000000,0.000000,98.336808,0.082811,98.352059,0.081328,0.701149,0.010456,0.000000,0.000000,0.000000,0.000000
replication,70.0,70.0,0.0,true,30,30,1.000000,56.733333,1.869918,99.571658,0.027728,0.000000,0.000000,0.000000,0.000000,99.569871,0.028958,99.572635,0.027524,0.780840,0.009392,0.000000,0.000000,0.000000,0.000000
replication,80.0,15.0,0.0,true,30,30,1.000000,4.966667,0.345072,54.183933,0.252082,0.000000,0.000000,0.000000,0.000000,54.510550,0.403366,53.831238,0.303183,0.216149,0.006407,0.000000,0.000000,0.000000,0.000000
replication,80.0,20.0,0.0,true,30,30,1.000000,7.466667,0.779103,58.017603,0.334111,0.000000,0.000000,0.000000,0.000000,57.894951,0.403631,58.108347,0.488819,0.252525,0.006499,0.000000,0.000000,0.000000,0.000000
replication,80.0,25.0,0.0,true,30,30,1.000000,7.800000,0.464201,59.790544,0.406986,0.000000,0.000000,0.000000,0.000000,59.687008,0.477012,59.863460,0.516344,0.262651,0.006160,0.000000,0.000000,0.000000,0.000000
replication,80.0,30.0,0.0,true,30,30,1.000000,13.233333,0.993129,72.422182,0.383654,0.000000,0.000000,0.000000,0.000000,72.559968,0.410896,72.259756,0.458090,0.368444,0.011990,0.000000,0.000000,0.000000,0.000000
replication,80.0,35.0,0.0,true,30,30,1.000000,14.133333,0.750231,77.238292,0.322057,0.000000,0.000000,0.000000,0.000000,77.332812,0.316438,77.131541,0.377620,0.416740,0.010143,0.000000,0.000000,0.000000,0.000000
replication,80.0,40.0,0.0,true,30,30,1.000000,15.266667,1.054585,80.514012,0.268328,0.000000,0.000000,0.000000,0.000000,80.538444,0.295958,80.481792,0.275948,0.444339,0.010781,0.000000,0.000000,0.000000,0.000000
replication,80.0,45.0,0.0,true,30,30,1.000000,18.433333,0.924033,87.131475,0.229314,0.000000,0.000000,0.000000,0.000000,87.108405,0.287658,87.135755,0.235316,0.529188,0.009802,0.000000,0.000000,0.000000,0.000000
replication,80.0,50.0,0.0,true,30,30,1.000000,18.566667,1.130370,87.157140,0.298025,0.000000,0.000000,0.000000,0.000000,87.117006,0.327401,87.185140,0.302685,0.530108,0.011784,0.000000,0.000000,0.000000,0.000000
replication,80.0,55.0,0.0,true,30,30,1.000000,32.366667,2.150121,93.888180,0.111087,0.000000,0.000000,0.000000,0.000000,93.878868,0.124768,93.891841,0.117585,0.636028,0.008206,0.000000,0.000000,0.000000,0.000000
replication,80.0,60.0,0.0,true,30,30,1.000000,41.133333,2.561108,96.737083,0.106527,0.000000,0.000000,0.000000,0.000000,96.736854,0.106546,96.734578,0.111922,0.681254,0.010072,0.000000,0.000000,0.000000,0.000000
replication,80.0,65.0,0.0,true,30,30,1.000000,52.300000,2.535840,98.129673,0.069795,0.000000,0.000000,0.000000,0.000000,98.123886,0.074023,98.133318,0.069207,0.728875,0.009885,0.000000,0.000000,0.000000,0.000000
replication,80.0,70.0,0.0,true,30,30,1.000000,77.000000,5.591304,99.525479,0.029080,0.000000,0.000000,0.000000,0.000000,99.523934,0.029483,99.526456,0.029310,0.800677,0.007293,0.000000,0.000000,0.000000,0.000000
replication,90.0,15.0,0.0,true,30,30,1.000000,7.266667,0.768834,55.019831,0.217063,0.000000,0.000000,0.000000,0.000000,54.924591,0.393402,55.085561,0.337713,0.220384,0.005242,0.000000,0.000000,0.000000,0.000000
replication,90.0,20.0,0.0,true,30,30,1.000000,7.500000,0.707937,56.476074,0.315704,0.000000,0.000000,0.000000,0.000000,56.610132,0.423203,56.309895,0.442919,0.232607,0.007527,0.000000,0.000000,0.000000,0.000000
replication,90.0,25.0,0.0,true,30,30,1.000000,7.733333,0.670676,57.111536,0.409827,0.000000,0.000000,0.000000,0.000000,57.051206,0.456466,57.150935,0.493038,0.237460,0.007164,0.000000,0.000000,0.000000,0.000000
replication,90.0,30.0,0.0,true,30,30,1.000000,15.200000,1.310266,74.057029,0.330304,0.000000,0.000000,0.000000,0.000000,74.037127,0.320492,74.059832,0.418805,0.392586,0.009421,0.000000,0.000000,0.000000,0.000000
replication,90.0,35.0,0.0,true,30,30,1.000000,14.566667,1.142029,75.854025,0.368782,0.000000,0.000000,0.000000,0.000000,75.776736,0.315682,75.915869,0.470726,0.416255,0.010663,0.000000,0.000000,0.000000,0.000000
replication,90.0,40.0,0.0,true,30,30,1.000000,18.166667,1.071821,82.086979,0.231425,0.000000,0.000000,0.000000,0.000000,81.984465,0.264099,82.172677,0.273466,0.478490,0.009496,0.000000,0.000000,0.000000,0.000000
replication,90.0,45.0,0.0,true,30,30,1.000000,21.866667,1.496926,86.447742,0.244317,0.000000,0.000000,0.000000,0.000000,86.471336,0.268354,86.415710,0.249832,0.549491,0.009306,0.000000,0.000000,0.000000,0.000000
replication,90.0,50.0,0.0,true,30,30,1.000000,21.533333,1.224320,86.697701,0.240048,0.000000,0.000000,0.000000,0.000000,86.738673,0.252358,86.642384,0.279028,0.556514,0.011243,0.000000,0.000000,0.000000,0.000000
replication,90.0,55.0,0.0,true,30,30,1.000000,54.766667,4.805305,94.026122,0.183462,0.000000,0.000000,0.000000,0.000000,94.017159,0.189141,94.030101,0.188984,0.688991,0.010737,0.000000,0.000000,0.000000,0.000000
replication,90.0,60.0,0.0,true,30,30,1.000000,159.633333,18.262447,97.919593,0.058229,0.000000,0.000000,0.000000,0.000000,97.937749,0.055722,97.898833,0.065823,0.780344,0.007528,0.000000,0.000000,0.000000,0.000000
replication,90.0,65.0,0.0,true,30,30,1.000000,144.766667,16.877227,98.343015,0.066362,0.000000,0.000000,0.000000,0.000000,98.341387,0.067341,98.343291,0.067682,0.803016,0.010692,0.000000,0.000000,0.000000,0.000000
replication,90.0,70.0,0.0,true,30,30,1.000000,298.233333,41.700963,99.611618,0.024113,0.000000,0.000000,0.000000,0.000000,99.608906,0.025849,99.614022,0.022707,0.874396,0.008037,0.000000,0.000000,0.000000,0.000000
replication,95.0,15.0,0.0,true,30,30,1.000000,8.600000,0.937867,55.738481,0.312825,0.000000,0.000000,0.000000,0.000000,55.641219,0.462807,55.803619,0.409388,0.221409,0.004726,0.000000,0.000000,0.000000,0.000000
replication,95.0,20.0,0.0,true,30,30,1.000000,8.666667,0.826409,55.823289,0.322909,0.000000,0.000000,0.000000,0.000000,55.727319,0.467991,55.889152,0.405434,0.223867,0.004900,0.000000,0.000000,0.000000,0.000000
replication,95.0,25.0,0.0,true,30,30,1.000000,9.033333,1.152804,55.599190,0.311259,0.000000,0.000000,0.000000,0.000000,55.691916,0.458977,55.482492,0.348235,0.219833,0.007002,0.000000,0.000000,0.000000,0.000000
replication,95.0,30.0,0.0,true,30,29,0.966667,352.533333,652.048042,74.847263,0.490136,0.014726,0.028862,0.000000,0.000000,74.904499,0.531734,74.783509,0.467236,0.405886,0.011279,0.000000,0.000000,0.000000,0.000000
replication,95.0,35.0,0.0,true,30,29,0.966667,350.266667,652.190597,75.617269,0.302889,0.012010,0.023539,0.000000,0.000000,75.558907,0.313568,75.664713,0.345101,0.407880,0.009361,0.000000,0.000000,0.000000,0.000000
replication,95.0,40.0,0.0,true,30,30,1.000000,20.633333,1.472389,83.361146,0.327258,0.000000,0.000000,0.000000,0.000000,83.372806,0.338913,83.339190,0.350624,0.510872,0.011987,0.000000,0.000000,0.000000,0.000000
replication,95.0,45.0,0.0,true,30,30,1.000000,23.100000,1.584667,86.376130,0.325091,0.000000,0.000000,0.000000,0.000000,86.444529,0.293897,86.296337,0.382545,0.581334,0.013143,0.000000,0.000000,0.000000,0.000000
replication,95.0,50.0,0.0,true,30,30,1.000000,25.066667,2.035012,86.550763,0.296222,0.000000,0.000000,0.000000,0.000000,86.529958,0.304858,86.562799,0.312437,0.584707,0.012395,0.000000,0.000000,0.000000,0.000000
replication,95.0,55.0,0.0,true,30,30,1.000000,115.366667,12.106524,95.564427,0.174617,0.000000,0.000000,0.000000,0.000000,95.556214,0.179479,95.569629,0.174829,0.785710,0.008466,0.000000,0.000000,0.000000,0.000000
replication,95.0,60.0,0.0,true,30,30,1.000000,723.333333,149.637237,98.972443,0.066919,0.000000,0.000000,0.000000,0.000000,98.966072,0.064131,98.977628,0.070663,0.891029,0.007408,0.000000,0.000000,0.000000,0.000000
replication,95.0,65.0,0.0,true,30,30,1.000000,739.366667,234.342862,99.035156,0.047478,0.000000,0.000000,0.000000,0.000000,99.035389,0.049307,99.034224,0.046590,0.895423,0.004336,0.000000,0.000000,0.000000,0.000000
replication,95.0,70.0,0.0,true,30,21,0.700000,4122.566667,1458.230921,99.456820,0.213688,0.482742,0.315697,0.000000,0.000000,99.453409,0.214794,99.459908,0.212830,0.928053,0.005426,0.000000,0.000000,0.000000,0.000000
