source,density,similar_wanted,n,ticks_mean,ticks_ci95,population_mean,population_ci95,percent_similar_mean,percent_similar_ci95,percent_unhappy_mean,percent_unhappy_ci95,unhappy_count_mean,unhappy_count_ci95
netlogo,70,15,30,4.533333,0.545809,1818.633333,9.220784,54.247302,0.250176,0.000000,0.000000,0.000000,0.000000
netlogo,70,20,30,7.066667,0.531048,1813.633333,8.551957,58.288123,0.351422,0.000000,0.000000,0.000000,0.000000
netlogo,70,25,30,8.266667,0.539299,1819.733333,8.244614,62.095269,0.430918,0.000000,0.000000,0.000000,0.000000
netlogo,70,30,30,12.366667,0.983299,1823.100000,7.097027,72.128385,0.384369,0.000000,0.000000,0.000000,0.000000
netlogo,70,35,30,14.200000,0.987406,1818.433333,9.004279,79.408703,0.316859,0.000000,0.000000,0.000000,0.000000
netlogo,70,40,30,14.566667,0.924033,1820.800000,8.358688,80.339960,0.253720,0.000000,0.000000,0.000000,0.000000
netlogo,70,45,30,17.633333,1.073468,1821.800000,7.209405,87.714369,0.266652,0.000000,0.000000,0.000000,0.000000
netlogo,70,50,30,18.200000,1.156310,1816.100000,7.730735,87.967026,0.205188,0.000000,0.000000,0.000000,0.000000
netlogo,70,55,30,26.300000,1.875145,1818.833333,8.589361,94.570883,0.164706,0.000000,0.000000,0.000000,0.000000
netlogo,70,60,30,31.233333,1.653752,1822.933333,8.519081,96.254087,0.089782,0.000000,0.000000,0.000000,0.000000
netlogo,70,65,30,37.666667,2.162101,1812.266667,8.950790,98.399015,0.062193,0.000000,0.000000,0.000000,0.000000
netlogo,70,70,30,59.433333,2.798309,1821.533333,8.903206,99.594214,0.030204,0.000000,0.000000,0.000000,0.000000
netlogo,80,15,30,5.233333,0.520550,2077.866667,7.571089,54.429940,0.279925,0.000000,0.000000,0.000000,0.000000
netlogo,80,20,30,7.133333,0.467361,2080.933333,9.302050,57.529200,0.332931,0.000000,0.000000,0.000000,0.000000
netlogo,80,25,30,7.900000,0.550776,2078.666667,6.214665,59.658711,0.373127,0.000000,0.000000,0.000000,0.000000
netlogo,80,30,30,14.900000,1.323511,2080.066667,8.953256,72.559932,0.454676,0.000000,0.000000,0.000000,0.000000
netlogo,80,35,30,13.366667,1.001100,2079.566667,5.630403,77.033735,0.321061,0.000000,0.000000,0.000000,0.000000
netlogo,80,40,30,15.766667,1.194934,2086.533333,7.237728,80.968989,0.263863,0.000000,0.000000,0.000000,0.000000
netlogo,80,45,30,20.000000,1.532683,2078.266667,5.183061,87.208722,0.270828,0.000000,0.000000,0.000000,0.000000
netlogo,80,50,30,19.300000,1.211328,2084.566667,7.740629,86.896862,0.267008,0.000000,0.000000,0.000000,0.000000
netlogo,80,55,30,33.100000,2.281382,2077.666667,6.384987,93.907126,0.157688,0.000000,0.000000,0.000000,0.000000
netlogo,80,60,30,45.600000,3.882195,2079.400000,7.925481,96.701027,0.099887,0.000000,0.000000,0.000000,0.000000
netlogo,80,65,30,49.933333,3.171470,2080.800000,6.614652,98.143496,0.060982,0.000000,0.000000,0.000000,0.000000
netlogo,80,70,30,76.100000,4.429145,2087.200000,7.249107,99.535186,0.035963,0.000000,0.000000,0.000000,0.000000
netlogo,90,15,30,6.733333,0.487704,2340.100000,6.639272,55.004800,0.252502,0.000000,0.000000,0.000000,0.000000
netlogo,90,20,30,7.833333,0.671662,2339.466667,5.306651,56.564885,0.306248,0.000000,0.000000,0.000000,0.000000
netlogo,90,25,30,8.000000,0.763455,2337.833333,5.259302,56.879469,0.357887,0.000000,0.000000,0.000000,0.000000
netlogo,90,30,30,14.533333,0.961732,2340.033333,5.832107,74.244084,0.327351,0.000000,0.000000,0.000000,0.000000
netlogo,90,35,30,15.866667,1.445910,2341.733333,4.969956,75.841406,0.330958,0.000000,0.000000,0.000000,0.000000
netlogo,90,40,30,18.400000,1.442444,2343.433333,5.713702,82.082387,0.274323,0.000000,0.000000,0.000000,0.000000
netlogo,90,45,30,21.433333,1.396035,2343.466667,5.019287,86.647042,0.228253,0.000000,0.000000,0.000000,0.000000
netlogo,90,50,30,22.400000,1.897267,2343.466667,5.315796,86.700650,0.259746,0.000000,0.000000,0.000000,0.000000
netlogo,90,55,30,54.633333,4.540533,2338.566667,5.395728,94.218834,0.149722,0.000000,0.000000,0.000000,0.000000
netlogo,90,60,30,166.833333,10.029839,2347.466667,4.375366,98.006879,0.058481,0.000000,0.000000,0.000000,0.000000
netlogo,90,65,30,132.166667,14.484040,2337.433333,5.192211,98.360723,0.072974,0.000000,0.000000,0.000000,0.000000
netlogo,90,70,30,293.433333,38.910641,2339.500000,4.882848,99.604513,0.024838,0.000000,0.000000,0.000000,0.000000
netlogo,95,15,30,8.666667,0.959893,2468.666667,5.129452,55.666170,0.312357,0.000000,0.000000,0.000000,0.000000
netlogo,95,20,30,8.500000,0.833944,2472.866667,3.799574,55.861035,0.274696,0.000000,0.000000,0.000000,0.000000
netlogo,95,25,30,8.200000,0.863342,2470.300000,3.527687,55.519741,0.369344,0.000000,0.000000,0.000000,0.000000
netlogo,95,30,30,352.333333,652.054412,2472.800000,3.526748,74.833429,0.360840,0.018848,0.036941,0.466667,0.914667
netlogo,95,35,30,20.933333,4.511704,2471.666667,4.777335,75.531687,0.393465,0.000000,0.000000,0.000000,0.000000
netlogo,95,40,30,21.000000,1.361824,2472.766667,5.066526,83.520765,0.243892,0.000000,0.000000,0.000000,0.000000
netlogo,95,45,30,23.866667,1.526139,2468.866667,4.234849,86.736758,0.288523,0.000000,0.000000,0.000000,0.000000
netlogo,95,50,30,25.500000,1.632432,2473.733333,3.171470,86.593573,0.296856,0.000000,0.000000,0.000000,0.000000
netlogo,95,55,30,132.900000,24.773611,2469.833333,4.628756,95.701978,0.181731,0.000000,0.000000,0.000000,0.000000
netlogo,95,60,30,1653.733333,1015.612318,2471.633333,3.672820,98.905781,0.037161,0.071230,0.081874,1.766667,2.027948
netlogo,95,65,30,707.233333,173.205453,2469.366667,4.093553,99.005475,0.037621,0.000000,0.000000,0.000000,0.000000
netlogo,95,70,30,4562.266667,1495.742527,2471.166667,3.978236,99.423672,0.195361,0.497433,0.289659,12.333333,7.187281
