"BehaviorSpace results (NetLogo 7.0.4)","Table version 2.0"
"netlogo/Segregation.nlogox"
"segregation-reference"
"05/23/2026 18:09:07:472 +1000"
"min-pxcor","max-pxcor","min-pycor","max-pycor"
"-25","25","-25","25"
"[run number]","visualization","density","%-similar-wanted","[step]","ticks","count turtles","percent-similar","percent-unhappy","count turtles with [not happy?]"
"2","old","70","15","3","3","1814","54.73186119873817","0","0"
"4","old","70","15","3","3","1839","53.998476770754","0","0"
"1","old","70","15","4","4","1818","53.71238765142634","0","0"
"3","old","70","15","5","5","1791","54.02020202020202","0","0"
"5","old","70","15","4","4","1790","56.03465645778763","0","0"
"6","old","70","15","4","4","1798","53.941576630652264","0","0"
"8","old","70","15","3","3","1822","54.314720812182735","0","0"
"7","old","70","15","7","7","1821","54.283473828661045","0","0"
"10","old","70","15","3","3","1817","54.944838455476756","0","0"
"9","old","70","15","5","5","1803","53.92680514342235","0","0"
"11","old","70","15","4","4","1868","53.56419230060785","0","0"
"12","old","70","15","4","4","1797","53.682520569937786","0","0"
"14","old","70","15","5","5","1823","54.79053529868116","0","0"
"16","old","70","15","4","4","1813","55.29341792228391","0","0"
"15","old","70","15","7","7","1813","54.230921312771855","0","0"
"13","old","70","15","9","9","1810","54.55623641035778","0","0"
"20","old","70","15","3","3","1762","53.60587002096436","0","0"
"19","old","70","15","5","5","1796","53.94182547642929","0","0"
"17","old","70","15","8","8","1825","53.041456799690046","0","0"
"18","old","70","15","4","4","1863","53.94074902179988","0","0"
"21","old","70","15","4","4","1802","55.229212145266914","0","0"
"24","old","70","15","4","4","1817","54.71476181140953","0","0"
"23","old","70","15","5","5","1832","54.42673324371039","0","0"
"22","old","70","15","5","5","1820","54.673721340388006","0","0"
"25","old","70","15","3","3","1849","52.84983904563529","0","0"
"26","old","70","15","3","3","1877","53.22283609576427","0","0"
"28","old","70","15","4","4","1810","55.0899387230678","0","0"
"29","old","70","15","4","4","1780","54.054054054054056","0","0"
"30","old","70","15","4","4","1839","54.601226993865026","0","0"
"27","old","70","15","6","6","1850","54","0","0"
"31","old","70","20","6","6","1846","56.11249282571264","0","0"
"32","old","70","20","6","6","1791","58.2262996941896","0","0"
"33","old","70","20","5","5","1823","56.89688906280571","0","0"
"34","old","70","20","10","10","1778","58.21266032271411","0","0"
"36","old","70","20","5","5","1787","56.846810239739945","0","0"
"35","old","70","20","6","6","1793","57.953861584754264","0","0"
"37","old","70","20","7","7","1845","59.60038058991437","0","0"
"38","old","70","20","8","8","1773","59.78171334431631","0","0"
"39","old","70","20","8","8","1781","57.44854289790096","0","0"
"41","old","70","20","8","8","1821","58.05134189031506","0","0"
"40","old","70","20","8","8","1819","58.083003952569165","0","0"
"42","old","70","20","6","6","1847","58.06512684589171","0","0"
"43","old","70","20","6","6","1836","57.53846153846154","0","0"
"44","old","70","20","8","8","1780","58.14335592524132","0","0"
"46","old","70","20","7","7","1785","58.722709651091606","0","0"
"45","old","70","20","11","11","1794","60.492591109331194","0","0"
"47","old","70","20","7","7","1788","59.38261575954509","0","0"
"48","old","70","20","7","7","1821","58.719346049046315","0","0"
"49","old","70","20","7","7","1830","58.84622805325102","0","0"
"51","old","70","20","5","5","1823","59.78004713275726","0","0"
"50","old","70","20","9","9","1844","59.12926735711545","0","0"
"52","old","70","20","6","6","1838","58.86619583890056","0","0"
"55","old","70","20","5","5","1826","57.909002904162634","0","0"
"54","old","70","20","9","9","1830","58.04953560371517","0","0"
"56","old","70","20","8","8","1796","58.803175249338494","0","0"
"58","old","70","20","6","6","1840","57.87461773700306","0","0"
"57","old","70","20","7","7","1813","56.94942254082039","0","0"
"59","old","70","20","8","8","1828","57.92445482866043","0","0"
"60","old","70","20","6","6","1800","57.3816717019134","0","0"
"61","old","70","25","8","8","1823","60.79907353792704","0","0"
"53","old","70","20","7","7","1833","58.85185898670776","0","0"
"62","old","70","25","6","6","1807","60.34720852239101","0","0"
"63","old","70","25","8","8","1785","65.03368034292713","0","0"
"64","old","70","25","9","9","1791","62.54045307443366","0","0"
"65","old","70","25","7","7","1810","61.7578125","0","0"
"66","old","70","25","7","7","1824","63.2546439628483","0","0"
"69","old","70","25","8","8","1801","61.47867676365085","0","0"
"67","old","70","25","9","9","1821","64.07917717834272","0","0"
"68","old","70","25","9","9","1835","62.35922886046955","0","0"
"70","old","70","25","7","7","1818","62.14898595943838","0","0"
"71","old","70","25","7","7","1771","60.92024539877301","0","0"
"73","old","70","25","7","7","1819","60.37735849056604","0","0"
"72","old","70","25","9","9","1837","62.226450999048524","0","0"
"74","old","70","25","7","7","1815","61.75837086352066","0","0"
"75","old","70","25","8","8","1852","62.12806026365348","0","0"
"76","old","70","25","7","7","1831","60.023041474654384","0","0"
"78","old","70","25","10","10","1817","62.40062051580376","0","0"
"77","old","70","25","13","13","1803","61.73620723749258","0","0"
"79","old","70","25","9","9","1815","62.64989188126597","0","0"
"80","old","70","25","10","10","1834","63.50574712643679","0","0"
"81","old","70","25","8","8","1808","63.26450344149459","0","0"
"82","old","70","25","8","8","1850","59.74901666978835","0","0"
"83","old","70","25","10","10","1826","60.83606241571952","0","0"
"84","old","70","25","9","9","1844","62.81302956128789","0","0"
"85","old","70","25","7","7","1816","62.6487224497757","0","0"
"86","old","70","25","9","9","1870","62.81083072389022","0","0"
"87","old","70","25","7","7","1772","63.18060406821451","0","0"
"88","old","70","25","7","7","1811","62.26267371305539","0","0"
"90","old","70","25","7","7","1828","61.513347416938736","0","0"
"89","old","70","25","11","11","1858","62.25435669262143","0","0"
"91","old","70","30","11","11","1807","71.43428685737148","0","0"
"92","old","70","30","8","8","1849","72.29551451187335","0","0"
"96","old","70","30","11","11","1799","72.63869556571883","0","0"
"94","old","70","30","10","10","1805","73.64418651190714","0","0"
"95","old","70","30","12","12","1805","70.29072082835523","0","0"
"93","old","70","30","16","16","1824","71.6796875","0","0"
"97","old","70","30","10","10","1781","71.88194865575096","0","0"
"99","old","70","30","10","10","1785","71.86103210077205","0","0"
"98","old","70","30","15","15","1806","71.81406342328145","0","0"
"100","old","70","30","11","11","1830","71.10082899556583","0","0"
"101","old","70","30","10","10","1823","70.94896176984281","0","0"
"103","old","70","30","11","11","1817","71.11721971333202","0","0"
"102","old","70","30","18","18","1843","71.60823170731707","0","0"
"104","old","70","30","13","13","1830","73.53511835467597","0","0"
"105","old","70","30","13","13","1829","71.84654136795194","0","0"
"107","old","70","30","10","10","1795","71.7163577759871","0","0"
"108","old","70","30","11","11","1814","72.67567038559405","0","0"
"109","old","70","30","11","11","1816","73.13019390581718","0","0"
"106","old","70","30","16","16","1864","73.74976761479829","0","0"
"111","old","70","30","9","9","1845","71.56190476190476","0","0"
"110","old","70","30","12","12","1832","71.65078747812561","0","0"
"113","old","70","30","11","11","1827","75.53356616220411","0","0"
"112","old","70","30","19","19","1809","71.89296333002973","0","0"
"114","old","70","30","12","12","1829","72.63219058686809","0","0"
"115","old","70","30","12","12","1837","71.9224121375072","0","0"
"117","old","70","30","13","13","1827","71.93359375","0","0"
"116","old","70","30","17","17","1839","73.19019570587118","0","0"
"119","old","70","30","10","10","1850","72.03630175836642","0","0"
"118","old","70","30","14","14","1830","70.39309683604985","0","0"
"121","old","70","35","12","12","1811","79.47971267715008","0","0"
"122","old","70","35","12","12","1866","79.07703621989336","0","0"
"120","old","70","30","15","15","1846","72.13551579748763","0","0"
"123","old","70","35","15","15","1856","79.02466578798719","0","0"
"125","old","70","35","12","12","1821","78.71401151631477","0","0"
"126","old","70","35","13","13","1828","79.9543118218161","0","0"
"127","old","70","35","14","14","1828","80.0498753117207","0","0"
"124","old","70","35","21","21","1820","79.89601386481803","0","0"
"128","old","70","35","14","14","1823","80.14551024315527","0","0"
"129","old","70","35","17","17","1831","78.31462811489442","0","0"
"130","old","70","35","13","13","1796","79.11367249602543","0","0"
"131","old","70","35","15","15","1790","79.0608625554212","0","0"
"133","old","70","35","13","13","1815","79.78184651343982","0","0"
"132","old","70","35","14","14","1848","79.52057380143451","0","0"
"134","old","70","35","11","11","1776","82.0125025206695","0","0"
"135","old","70","35","13","13","1838","79.6780303030303","0","0"
"137","old","70","35","11","11","1829","79.34761629029144","0","0"
"136","old","70","35","15","15","1842","79.50216858382048","0","0"
"138","old","70","35","12","12","1763","79.32949403537638","0","0"
"139","old","70","35","12","12","1822","80.48211508553655","0","0"
"140","old","70","35","11","11","1856","79.71041395953222","0","0"
"141","old","70","35","16","16","1789","79.85340729001584","0","0"
"142","old","70","35","11","11","1809","77.44830277019118","0","0"
"143","old","70","35","12","12","1825","77.56434882827506","0","0"
"146","old","70","35","13","13","1816","78.86022333461686","0","0"
"144","old","70","35","21","21","1789","80.62153602533651","0","0"
"145","old","70","35","18","18","1848","78.73168922677544","0","0"
"147","old","70","35","15","15","1778","79.87915407854985","0","0"
"151","old","70","40","13","13","1847","79.15396341463415","0","0"
"150","old","70","35","15","15","1810","79.14490230218611","0","0"
"148","old","70","35","18","18","1804","79.48265726043505","0","0"
"149","old","70","35","17","17","1826","78.47980088071989","0","0"
"152","old","70","40","15","15","1840","81.09139477199008","0","0"
"154","old","70","40","13","13","1841","80.72037914691943","0","0"
"153","old","70","40","16","16","1843","80.34671188995665","0","0"
"155","old","70","40","21","21","1881","80.71297989031079","0","0"
"157","old","70","40","15","15","1822","80.72825876428433","0","0"
"158","old","70","40","17","17","1853","81.14125350795136","0","0"
"156","old","70","40","15","15","1812","79.5325083480652","0","0"
"159","old","70","40","10","10","1781","80.00407664084794","0","0"
"160","old","70","40","13","13","1803","80.90312313507062","0","0"
"162","old","70","40","17","17","1797","80.96754927334263","0","0"
"161","old","70","40","18","18","1815","79.8352295017654","0","0"
"163","old","70","40","14","14","1842","79.47269303201506","0","0"
"164","old","70","40","13","13","1806","79.57032027053909","0","0"
"166","old","70","40","10","10","1830","80.84415584415584","0","0"
"165","old","70","40","16","16","1822","81.00428182172051","0","0"
"167","old","70","40","18","18","1833","80.1219744615971","0","0"
"168","old","70","40","16","16","1797","79.1483406637345","0","0"
"169","old","70","40","16","16","1779","80.58847568451165","0","0"
"170","old","70","40","14","14","1842","81.005481005481","0","0"
"171","old","70","40","15","15","1835","80.48734056729488","0","0"
"172","old","70","40","16","16","1791","82.11430855315747","0","0"
"173","old","70","40","18","18","1832","80.1879555044112","0","0"
"175","old","70","40","13","13","1807","80.01970443349754","0","0"
"176","old","70","40","13","13","1822","79.57870099473377","0","0"
"177","old","70","40","10","10","1803","79.83376212151198","0","0"
"179","old","70","40","13","13","1803","79.56131605184447","0","0"
"178","old","70","40","14","14","1823","80.54858025883716","0","0"
"180","old","70","40","14","14","1830","81.1810261374637","0","0"
"174","old","70","40","11","11","1792","79.79295241887318","0","0"
"182","old","70","45","16","16","1830","87.52864782276546","0","0"
"181","old","70","45","18","18","1849","87.46983478745128","0","0"
"183","old","70","45","19","19","1826","88.212927756654","0","0"
"184","old","70","45","18","18","1776","88.35575185705682","0","0"
"185","old","70","45","14","14","1829","87.68378842848959","0","0"
"187","old","70","45","17","17","1781","86.78636271938672","0","0"
"186","old","70","45","23","23","1811","87.79489179177227","0","0"
"188","old","70","45","18","18","1831","86.88681046001146","0","0"
"189","old","70","45","13","13","1847","86.6342193934856","0","0"
"191","old","70","45","14","14","1832","86.707410236822","0","0"
"190","old","70","45","20","20","1814","88.02953750485814","0","0"
"192","old","70","45","21","21","1842","86.9245283018868","0","0"
"193","old","70","45","24","24","1823","88.67924528301887","0","0"
"195","old","70","45","12","12","1815","87.75708187815289","0","0"
"194","old","70","45","21","21","1823","89.3491124260355","0","0"
"196","old","70","45","16","16","1836","88.43897824030275","0","0"
"197","old","70","45","20","20","1810","88.31447522434647","0","0"
"198","old","70","45","16","16","1859","87.09617869669559","0","0"
"200","old","70","45","15","15","1822","88.45714285714286","0","0"
"199","old","70","45","21","21","1828","87.61794723666473","0","0"
"202","old","70","45","18","18","1793","86.4950495049505","0","0"
"201","old","70","45","20","20","1787","87.94580593743774","0","0"
"203","old","70","45","13","13","1822","88.78286270691333","0","0"
"204","old","70","45","16","16","1804","87.5024562782472","0","0"
"207","old","70","45","16","16","1809","87.2670198155778","0","0"
"206","old","70","45","19","19","1830","87.59040730871716","0","0"
"205","old","70","45","19","19","1807","88.9341875364007","0","0"
"208","old","70","45","20","20","1839","86.70694864048339","0","0"
"209","old","70","45","15","15","1830","87.66704849179075","0","0"
"210","old","70","45","17","17","1849","87.81442146450532","0","0"
"211","old","70","50","20","20","1849","88.39436619718309","0","0"
"212","old","70","50","16","16","1832","87.49763212729682","0","0"
"213","old","70","50","16","16","1852","88.55489171023152","0","0"
"214","old","70","50","18","18","1802","87.49018067556952","0","0"
"216","old","70","50","16","16","1811","88.16556548775748","0","0"
"215","old","70","50","19","19","1848","88.20560747663552","0","0"
"217","old","70","50","20","20","1792","88.93532338308458","0","0"
"218","old","70","50","17","17","1800","87.10691823899371","0","0"
"220","old","70","50","14","14","1842","87.73975178638585","0","0"
"219","old","70","50","23","23","1778","88.4709231394876","0","0"
"221","old","70","50","18","18","1808","87.5267145910239","0","0"
"222","old","70","50","16","16","1813","88.19899730042422","0","0"
"223","old","70","50","15","15","1829","88.68285222710762","0","0"
"224","old","70","50","17","17","1785","87.80634793089594","0","0"
"225","old","70","50","18","18","1825","87.34008019858697","0","0"
"226","old","70","50","17","17","1804","87.44131455399061","0","0"
"227","old","70","50","14","14","1823","87.64044943820225","0","0"
"228","old","70","50","19","19","1841","88.42025983807193","0","0"
"229","old","70","50","20","20","1813","87.97803490880565","0","0"
"231","old","70","50","17","17","1808","88.39198911141357","0","0"
"230","old","70","50","21","21","1853","86.29365377393917","0","0"
"232","old","70","50","17","17","1793","87.11340206185567","0","0"
"234","old","70","50","15","15","1794","87.88358740843397","0","0"
"233","old","70","50","18","18","1784","88.47524752475248","0","0"
"236","old","70","50","20","20","1816","87.87820389285027","0","0"
"237","old","70","50","13","13","1797","88.00788954635108","0","0"
"235","old","70","50","29","29","1825","88.58342878961436","0","0"
"238","old","70","50","21","21","1809","88.27292110874201","0","0"
"240","old","70","50","19","19","1841","88.46441947565543","0","0"
"239","old","70","50","23","23","1816","88.04982483456598","0","0"
"242","old","70","55","25","25","1818","95.18855656697009","0","0"
"241","old","70","55","35","35","1820","94.55630126771067","0","0"
"244","old","70","55","21","21","1806","95.02201799731955","0","0"
"243","old","70","55","30","30","1839","93.91416944136145","0","0"
"246","old","70","55","23","23","1774","95.51156409251274","0","0"
"245","old","70","55","28","28","1802","94.11877394636015","0","0"
"247","old","70","55","25","25","1814","94.66239155035836","0","0"
"248","old","70","55","20","20","1785","94.88219389725762","0","0"
"249","old","70","55","26","26","1832","93.72447085035277","0","0"
"250","old","70","55","28","28","1829","93.84872700241591","0","0"
"251","old","70","55","26","26","1817","94.60518947171924","0","0"
"252","old","70","55","38","38","1830","94.28092399403874","0","0"
"255","old","70","55","23","23","1850","94.24264438794043","0","0"
"254","old","70","55","29","29","1869","94.69642857142857","0","0"
"253","old","70","55","38","38","1813","94.62001504890895","0","0"
"256","old","70","55","22","22","1843","94.14348462664715","0","0"
"257","old","70","55","21","21","1788","94.93719806763285","0","0"
"258","old","70","55","24","24","1809","94.58531935176359","0","0"
"259","old","70","55","24","24","1803","95.11632378388771","0","0"
"260","old","70","55","24","24","1825","94.36410826844643","0","0"
"261","old","70","55","31","31","1788","94.84516253125601","0","0"
"263","old","70","55","23","23","1821","95.05639097744361","0","0"
"262","old","70","55","29","29","1837","94.42304164373509","0","0"
"264","old","70","55","25","25","1821","95.39485851673756","0","0"
"265","old","70","55","21","21","1846","94.19472247497725","0","0"
"267","old","70","55","22","22","1809","94.0954536879834","0","0"
"266","old","70","55","23","23","1843","94.76173153874136","0","0"
"268","old","70","55","38","38","1862","94.9364823760959","0","0"
"269","old","70","55","21","21","1793","94.2056792018419","0","0"
"270","old","70","55","26","26","1779","94.19216526992788","0","0"
"271","old","70","60","43","43","1827","95.95021363551923","0","0"
"272","old","70","60","28","28","1804","96.27730294396962","0","0"
"274","old","70","60","27","27","1799","96.24521072796935","0","0"
"273","old","70","60","39","39","1814","96.08141525584935","0","0"
"276","old","70","60","31","31","1795","96.14494988434849","0","0"
"275","old","70","60","35","35","1835","95.95096582466567","0","0"
"277","old","70","60","29","29","1799","96.47036255515059","0","0"
"278","old","70","60","28","28","1804","96.27924817798235","0","0"
"280","old","70","60","24","24","1818","95.84592145015107","0","0"
"279","old","70","60","31","31","1848","96.32977761706744","0","0"
"282","old","70","60","31","31","1812","96.38026290722043","0","0"
"281","old","70","60","29","29","1876","96.21022524133","0","0"
"283","old","70","60","25","25","1836","96.14957423176601","0","0"
"284","old","70","60","28","28","1781","96.10872115760657","0","0"
"285","old","70","60","34","34","1818","96.54270229863577","0","0"
"286","old","70","60","33","33","1825","96.49412628487518","0","0"
"287","old","70","60","35","35","1811","96.23242736644798","0","0"
"288","old","70","60","31","31","1831","96.61961367013373","0","0"
"289","old","70","60","36","36","1818","96.23595505617978","0","0"
"290","old","70","60","32","32","1802","96.01221141003626","0","0"
"291","old","70","60","25","25","1796","95.84295612009238","0","0"
"292","old","70","60","34","34","1817","96.4833520389076","0","0"
"293","old","70","60","33","33","1852","96.7765302426657","0","0"
"295","old","70","60","24","24","1844","96.54796511627907","0","0"
"294","old","70","60","37","37","1861","96.52889604580426","0","0"
"296","old","70","60","34","34","1833","96.18447860714947","0","0"
"298","old","70","60","30","30","1822","95.94089038533482","0","0"
"297","old","70","60","34","34","1879","95.87519830777367","0","0"
"299","old","70","60","33","33","1800","96.33326934152429","0","0"
"300","old","70","60","24","24","1831","96.5478841870824","0","0"
"302","old","70","65","39","39","1781","98.3438035408338","0","0"
"301","old","70","65","40","40","1790","98.38619922092377","0","0"
"304","old","70","65","37","37","1838","98.39686498040614","0","0"
"303","old","70","65","50","50","1803","98.2400889218229","0","0"
"305","old","70","65","33","33","1816","98.40688518586339","0","0"
"306","old","70","65","34","34","1821","98.63957917649194","0","0"
"307","old","70","65","45","45","1814","98.6493885745574","0","0"
"308","old","70","65","44","44","1847","98.39857651245552","0","0"
"310","old","70","65","35","35","1787","98.31387808041504","0","0"
"309","old","70","65","37","37","1835","98.60039476045218","0","0"
"311","old","70","65","26","26","1814","98.23626676465184","0","0"
"312","old","70","65","43","43","1830","98.5859318346628","0","0"
"314","old","70","65","29","29","1843","98.34666666666666","0","0"
"313","old","70","65","41","41","1801","98.27201783723523","0","0"
"315","old","70","65","45","45","1848","98.23695345557122","0","0"
"317","old","70","65","32","32","1841","98.22993026998034","0","0"
"316","old","70","65","42","42","1780","98.25352112676057","0","0"
"318","old","70","65","37","37","1819","98.31765557163531","0","0"
"319","old","70","65","35","35","1788","98.5013876040703","0","0"
"320","old","70","65","36","36","1775","98.48312476298824","0","0"
"321","old","70","65","37","37","1792","98.42359050445104","0","0"
"322","old","70","65","30","30","1783","98.22890877928013","0","0"
"323","old","70","65","32","32","1788","98.15546772068511","0","0"
"324","old","70","65","30","30","1796","98.43260188087774","0","0"
"325","old","70","65","37","37","1810","98.1888035126235","0","0"
"326","old","70","65","44","44","1852","98.80281690140845","0","0"
"327","old","70","65","42","42","1803","98.2122905027933","0","0"
"329","old","70","65","32","32","1786","98.33017077798861","0","0"
"328","old","70","65","50","50","1859","98.73175816539263","0","0"
"330","old","70","65","36","36","1828","98.62493215125745","0","0"
"331","old","70","70","55","55","1818","99.58289885297185","0","0"
"332","old","70","70","56","56","1859","99.69969969969969","0","0"
"334","old","70","70","45","45","1801","99.48435277382646","0","0"
"333","old","70","70","66","66","1891","99.640640313623","0","0"
"335","old","70","70","51","51","1831","99.65811965811966","0","0"
"337","old","70","70","58","58","1781","99.4295900178253","0","0"
"336","old","70","70","65","65","1833","99.60670314637483","0","0"
"338","old","70","70","64","64","1817","99.67443454420835","0","0"
"339","old","70","70","62","62","1824","99.51832100464476","0","0"
"340","old","70","70","43","43","1805","99.6162567591139","0","0"
"341","old","70","70","60","60","1799","99.52838427947597","0","0"
"342","old","70","70","55","55","1815","99.72370920393713","0","0"
"343","old","70","70","61","61","1794","99.54136532016229","0","0"
"344","old","70","70","61","61","1819","99.6162567591139","0","0"
"345","old","70","70","54","54","1831","99.69146383270483","0","0"
"346","old","70","70","58","58","1805","99.56978144897607","0","0"
"347","old","70","70","59","59","1788","99.62732919254658","0","0"
"348","old","70","70","59","59","1834","99.57388784728141","0","0"
"349","old","70","70","64","64","1832","99.64382632293079","0","0"
"350","old","70","70","68","68","1805","99.65059399021663","0","0"
"351","old","70","70","55","55","1814","99.52291702163912","0","0"
"352","old","70","70","50","50","1846","99.54268292682927","0","0"
"353","old","70","70","64","64","1833","99.5551753635586","0","0"
"354","old","70","70","59","59","1838","99.69574036511156","0","0"
"356","old","70","70","55","55","1820","99.56664933263997","0","0"
"355","old","70","70","78","78","1779","99.44761225944406","0","0"
"358","old","70","70","54","54","1800","99.66678358470712","0","0"
"361","old","80","15","5","5","2066","55.05189255189256","0","0"
"357","old","70","70","76","76","1866","99.5028173682466","0","0"
"362","old","80","15","7","7","2089","54.44211785821119","0","0"
"363","old","80","15","4","4","2067","55.31459987782529","0","0"
"364","old","80","15","4","4","2051","53.81880024737168","0","0"
"360","old","70","70","57","57","1843","99.76255088195387","0","0"
"365","old","80","15","5","5","2107","54.72336668628605","0","0"
"359","old","70","70","71","71","1825","99.48586118251927","0","0"
"366","old","80","15","6","6","2068","54.02334152334153","0","0"
"367","old","80","15","5","5","2086","54.067771309150615","0","0"
"368","old","80","15","5","5","2056","54.87861450440698","0","0"
"369","old","80","15","4","4","2057","53.686635944700456","0","0"
"370","old","80","15","7","7","2096","55.331454842058434","0","0"
"371","old","80","15","6","6","2080","54.798854904324244","0","0"
"373","old","80","15","5","5","2126","53.103348729792145","0","0"
"372","old","80","15","8","8","2099","54.24855918427664","0","0"
"374","old","80","15","4","4","2102","52.25132430841671","0","0"
"375","old","80","15","5","5","2044","53.95290815530953","0","0"
"376","old","80","15","4","4","2087","54.083158839365844","0","0"
"377","old","80","15","4","4","2070","53.19603356216629","0","0"
"378","old","80","15","5","5","2059","54.30544896392939","0","0"
"379","old","80","15","5","5","2068","55.11979246146803","0","0"
"381","old","80","15","4","4","2095","53.51319300326119","0","0"
"380","old","80","15","6","6","2096","54.874446085672076","0","0"
"382","old","80","15","4","4","2058","54.58050586057988","0","0"
"383","old","80","15","4","4","2105","54.72307918319377","0","0"
"386","old","80","15","4","4","2054","54.008047044258745","0","0"
"385","old","80","15","7","7","2070","54.98333838230839","0","0"
"384","old","80","15","10","10","2057","55.56750115189679","0","0"
"387","old","80","15","6","6","2081","55.406424370381544","0","0"
"389","old","80","15","4","4","2075","55.37528430629265","0","0"
"388","old","80","15","6","6","2055","55.09416486569929","0","0"
"390","old","80","15","4","4","2112","54.37417847232364","0","0"
"391","old","80","20","5","5","2103","56.448296122209165","0","0"
"393","old","80","20","5","5","2086","57.99284223083806","0","0"
"392","old","80","20","6","6","2121","56.68056953832878","0","0"
"394","old","80","20","6","6","2106","58.31505046072839","0","0"
"395","old","80","20","9","9","2070","56.71551593896359","0","0"
"397","old","80","20","7","7","2081","56.536731634182914","0","0"
"396","old","80","20","9","9","2104","56.82084309133489","0","0"
"398","old","80","20","6","6","2064","58.95363026235509","0","0"
"399","old","80","20","9","9","2077","55.97172081829122","0","0"
"400","old","80","20","8","8","2075","60.222824450466724","0","0"
"401","old","80","20","8","8","2101","56.628453850676074","0","0"
"402","old","80","20","8","8","2045","57.91433891992551","0","0"
"403","old","80","20","7","7","2101","56.99177438307873","0","0"
"406","old","80","20","6","6","2061","58.57753357753358","0","0"
"404","old","80","20","7","7","2100","56.5274919141429","0","0"
"405","old","80","20","8","8","2091","57.671800947867304","0","0"
"407","old","80","20","6","6","2081","57.3134328358209","0","0"
"409","old","80","20","6","6","2063","57.1254752851711","0","0"
"408","old","80","20","9","9","2071","58.68181818181818","0","0"
"410","old","80","20","7","7","2093","57.020269270602164","0","0"
"411","old","80","20","8","8","2118","56.755973931933376","0","0"
"412","old","80","20","8","8","2080","56.67815919652226","0","0"
"413","old","80","20","6","6","2085","57.20244302100402","0","0"
"414","old","80","20","7","7","2047","58.2467028704422","0","0"
"415","old","80","20","6","6","2036","58.01035619017731","0","0"
"416","old","80","20","8","8","2077","57.85928143712575","0","0"
"418","old","80","20","6","6","2138","57.93583191368541","0","0"
"417","old","80","20","10","10","2084","57.70496708557749","0","0"
"419","old","80","20","7","7","2044","58.11250581125058","0","0"
"420","old","80","20","6","6","2025","58.25935320228282","0","0"
"421","old","80","25","6","6","2098","59.17684700407213","0","0"
"422","old","80","25","7","7","2070","59.577338129496404","0","0"
"423","old","80","25","12","12","2092","58.75896385189522","0","0"
"424","old","80","25","7","7","2098","60.878477306002935","0","0"
"425","old","80","25","7","7","2046","59.090210542492706","0","0"
"426","old","80","25","7","7","2083","59.49873943348658","0","0"
"428","old","80","25","8","8","2085","60.89459698848538","0","0"
"429","old","80","25","7","7","2096","58.77372262773722","0","0"
"427","old","80","25","10","10","2075","60.83507931756959","0","0"
"430","old","80","25","7","7","2103","58.42663952304784","0","0"
"434","old","80","25","6","6","2074","60.98399880364887","0","0"
"431","old","80","25","8","8","2071","57.00627427547057","0","0"
"433","old","80","25","8","8","2062","60.96896290688873","0","0"
"432","old","80","25","10","10","2045","60.699969164353995","0","0"
"435","old","80","25","7","7","2065","58.48006019563582","0","0"
"436","old","80","25","6","6","2094","60.19674056673029","0","0"
"438","old","80","25","6","6","2063","61.437415068699984","0","0"
"437","old","80","25","8","8","2073","59.447696232928116","0","0"
"439","old","80","25","7","7","2069","57.33613950691522","0","0"
"440","old","80","25","7","7","2101","59.601686291612154","0","0"
"441","old","80","25","7","7","2086","59.54142011834319","0","0"
"442","old","80","25","9","9","2070","59.69769530080814","0","0"
"443","old","80","25","7","7","2100","59.65296004666083","0","0"
"444","old","80","25","7","7","2082","59.80056556035124","0","0"
"445","old","80","25","8","8","2092","60.418508694370765","0","0"
"446","old","80","25","10","10","2057","60.01211754013936","0","0"
"448","old","80","25","9","9","2107","59.30904885805146","0","0"
"447","old","80","25","11","11","2065","59.83966117077598","0","0"
"449","old","80","25","9","9","2085","59.13675467220409","0","0"
"450","old","80","25","9","9","2053","60.28303337948008","0","0"
"451","old","80","30","11","11","2072","73.70320252593595","0","0"
"453","old","80","30","12","12","2111","70.55579741692061","0","0"
"454","old","80","30","10","10","2041","70.88152547671147","0","0"
"452","old","80","30","20","20","2084","73.68892873151053","0","0"
"455","old","80","30","11","11","2109","70.87831922964692","0","0"
"456","old","80","30","10","10","2093","73.18775995246584","0","0"
"458","old","80","30","15","15","2088","73.28675486844062","0","0"
"457","old","80","30","23","23","2085","73.06085918854416","0","0"
"460","old","80","30","15","15","2088","73.7060655494587","0","0"
"459","old","80","30","22","22","2108","74.74747474747475","0","0"
"463","old","80","30","11","11","2074","70.89732008431196","0","0"
"461","old","80","30","17","17","2066","74.41403296537123","0","0"
"462","old","80","30","17","17","2118","70.89228992203292","0","0"
"464","old","80","30","13","13","2085","72.02692595362753","0","0"
"465","old","80","30","12","12","2039","70.82554517133957","0","0"
"467","old","80","30","12","12","2090","71.78800059550395","0","0"
"466","old","80","30","19","19","2120","72.16465169833045","0","0"
"468","old","80","30","17","17","2080","73.92670157068063","0","0"
"470","old","80","30","11","11","2071","71.59745377387087","0","0"
"469","old","80","30","16","16","2066","72.67468412239306","0","0"
"471","old","80","30","16","16","2099","73.66642174871419","0","0"
"472","old","80","30","12","12","2070","72.88828337874659","0","0"
"473","old","80","30","15","15","2043","73.46399128946959","0","0"
"474","old","80","30","15","15","2069","72.6349302607641","0","0"
"475","old","80","30","16","16","2029","70.86489898989899","0","0"
"477","old","80","30","11","11","2077","73.1981981981982","0","0"
"476","old","80","30","18","18","2070","74.13740920096852","0","0"
"478","old","80","30","21","21","2085","71.63310961968679","0","0"
"480","old","80","30","12","12","2044","73.85285425416083","0","0"
"479","old","80","30","17","17","2128","71.5535791134701","0","0"
"481","old","80","35","21","21","2071","77.85275153696206","0","0"
"482","old","80","35","14","14","2082","77.33057117490382","0","0"
"483","old","80","35","11","11","2079","76.96888491886259","0","0"
"484","old","80","35","12","12","2073","76.51277454056476","0","0"
"485","old","80","35","12","12","2107","78.25583079820369","0","0"
"486","old","80","35","11","11","2081","76.21308799525151","0","0"
"487","old","80","35","11","11","2078","77.7512318948783","0","0"
"488","old","80","35","12","12","2071","77.30263157894737","0","0"
"489","old","80","35","14","14","2044","76.13566605279313","0","0"
"490","old","80","35","15","15","2081","77.63956759958536","0","0"
"492","old","80","35","11","11","2089","75.79646017699116","0","0"
"491","old","80","35","16","16","2069","77.35933983495875","0","0"
"493","old","80","35","14","14","2082","76.23791821561339","0","0"
"496","old","80","35","10","10","2101","75.55425904317387","0","0"
"495","old","80","35","11","11","2069","77.81790820165538","0","0"
"494","old","80","35","14","14","2092","76.70729916287267","0","0"
"497","old","80","35","13","13","2078","77.15948082947934","0","0"
"499","old","80","35","12","12","2060","78.19754210286754","0","0"
"498","old","80","35","13","13","2037","75.86100386100387","0","0"
"500","old","80","35","12","12","2090","76.90718607053269","0","0"
"501","old","80","35","12","12","2079","75.85435009700045","0","0"
"502","old","80","35","12","12","2082","77.0743972785091","0","0"
"503","old","80","35","13","13","2090","77.61435505221355","0","0"
"504","old","80","35","16","16","2097","78.53579812206573","0","0"
"506","old","80","35","12","12","2079","77.19665271966527","0","0"
"505","old","80","35","13","13","2089","76.46885149099498","0","0"
"507","old","80","35","15","15","2063","76.84960582171013","0","0"
"508","old","80","35","13","13","2094","77.10649502633119","0","0"
"510","old","80","35","13","13","2074","75.66681567575621","0","0"
"511","old","80","40","19","19","2078","81.5114709851552","0","0"
"509","old","80","35","23","23","2106","79.08334549700774","0","0"
"512","old","80","40","17","17","2053","80.58387395736794","0","0"
"513","old","80","40","13","13","2077","79.44319036869827","0","0"
"514","old","80","40","14","14","2093","80.98977626315009","0","0"
"515","old","80","40","17","17","2080","81.65370813397129","0","0"
"516","old","80","40","19","19","2065","81.77946768060836","0","0"
"517","old","80","40","20","20","2090","81.2822402358143","0","0"
"518","old","80","40","14","14","2059","80.29007633587786","0","0"
"519","old","80","40","11","11","2087","81.30202140309156","0","0"
"520","old","80","40","13","13","2101","78.91415994130594","0","0"
"521","old","80","40","18","18","2100","80.9405579085731","0","0"
"523","old","80","40","16","16","2100","81.51679624468241","0","0"
"522","old","80","40","22","22","2104","80.6948109058927","0","0"
"524","old","80","40","19","19","2088","81.064209274673","0","0"
"525","old","80","40","16","16","2071","79.67737072214685","0","0"
"526","old","80","40","14","14","2133","81.2863836433338","0","0"
"528","old","80","40","13","13","2061","81.45725585640402","0","0"
"527","old","80","40","16","16","2081","80.49217002237137","0","0"
"529","old","80","40","12","12","2083","81.26865671641791","0","0"
"530","old","80","40","16","16","2110","81.52142232585253","0","0"
"531","old","80","40","17","17","2093","81.82355548987734","0","0"
"532","old","80","40","15","15","2071","80.83597404557115","0","0"
"533","old","80","40","15","15","2063","81.63575554879903","0","0"
"534","old","80","40","12","12","2051","80.59240975007714","0","0"
"536","old","80","40","13","13","2125","80.2387458650942","0","0"
"535","old","80","40","15","15","2094","81.18914133962821","0","0"
"537","old","80","40","19","19","2117","81.29506778194404","0","0"
"540","old","80","40","11","11","2081","81.64359088878965","0","0"
"539","old","80","40","12","12","2089","81.92860316990075","0","0"
"538","old","80","40","25","25","2098","80.21719988259466","0","0"
"541","old","80","45","20","20","2092","87.28850963660439","0","0"
"542","old","80","45","20","20","2076","87.42514970059881","0","0"
"543","old","80","45","21","21","2063","87.4906142063373","0","0"
"544","old","80","45","17","17","2085","88.05793674253621","0","0"
"546","old","80","45","16","16","2107","85.95781566021381","0","0"
"545","old","80","45","24","24","2059","87.57575757575758","0","0"
"547","old","80","45","19","19","2075","87.46277546158427","0","0"
"548","old","80","45","21","21","2085","86.09055933708197","0","0"
"549","old","80","45","17","17","2089","88.58447488584474","0","0"
"550","old","80","45","19","19","2070","86.92077727952167","0","0"
"551","old","80","45","23","23","2052","87.06490348077214","0","0"
"552","old","80","45","20","20","2065","88.49438202247191","0","0"
"554","old","80","45","20","20","2088","88.73840718386575","0","0"
"556","old","80","45","16","16","2078","87.10966405209413","0","0"
"553","old","80","45","31","31","2097","87.52568241855005","0","0"
"555","old","80","45","25","25","2061","87.41511996378452","0","0"
"559","old","80","45","20","20","2063","86.85878092939046","0","0"
"558","old","80","45","25","25","2073","86.2151275548262","0","0"
"560","old","80","45","19","19","2070","87.9808411914384","0","0"
"557","old","80","45","33","33","2084","86.86704175303524","0","0"
"561","old","80","45","12","12","2082","87.01241134751773","0","0"
"563","old","80","45","17","17","2055","86.96703961294224","0","0"
"562","old","80","45","20","20","2089","87.41351391137935","0","0"
"564","old","80","45","18","18","2074","87.26973191553093","0","0"
"565","old","80","45","17","17","2091","87.2955047899779","0","0"
"566","old","80","45","16","16","2082","85.22072936660268","0","0"
"567","old","80","45","18","18","2099","86.63101604278076","0","0"
"568","old","80","45","19","19","2105","87.02577468867652","0","0"
"569","old","80","45","18","18","2074","87.53936122357176","0","0"
"570","old","80","45","19","19","2065","86.7622641509434","0","0"
"571","old","80","50","16","16","2082","85.27189213216772","0","0"
"572","old","80","50","17","17","2136","86.78395496129487","0","0"
"573","old","80","50","21","21","2070","85.91762568140521","0","0"
"574","old","80","50","20","20","2088","87.58448427857772","0","0"
"575","old","80","50","19","19","2059","86.04721094572245","0","0"
"576","old","80","50","17","17","2066","85.48725637181408","0","0"
"578","old","80","50","15","15","2062","86.95784046102517","0","0"
"577","old","80","50","24","24","2095","87.5054993400792","0","0"
"579","old","80","50","19","19","2077","86.95264954727624","0","0"
"580","old","80","50","18","18","2112","86.8032669436882","0","0"
"581","old","80","50","15","15","2085","87.28349370836418","0","0"
"582","old","80","50","23","23","2064","88.25301204819277","0","0"
"583","old","80","50","22","22","2084","87.56645008860012","0","0"
"584","old","80","50","23","23","2110","87.1465666474322","0","0"
"585","old","80","50","17","17","2118","86.95839311334291","0","0"
"586","old","80","50","16","16","2060","85.17058377558757","0","0"
"587","old","80","50","16","16","2065","86.91012924556658","0","0"
"589","old","80","50","18","18","2097","87.25947521865889","0","0"
"590","old","80","50","14","14","2085","86.51169677228309","0","0"
"588","old","80","50","26","26","2099","87.41654571843252","0","0"
"591","old","80","50","19","19","2087","87.79481132075472","0","0"
"592","old","80","50","23","23","2089","86.2629246676514","0","0"
"594","old","80","50","20","20","2075","86.97272320763155","0","0"
"593","old","80","50","26","26","2068","87.63440860215054","0","0"
"595","old","80","50","21","21","2128","86.9903737259343","0","0"
"596","old","80","50","18","18","2095","86.63446054750402","0","0"
"597","old","80","50","20","20","2061","87.13274069609763","0","0"
"599","old","80","50","15","15","2099","86.56519830235622","0","0"
"598","old","80","50","24","24","2075","87.70346256288842","0","0"
"600","old","80","50","17","17","2046","87.42672014810243","0","0"
"601","old","80","55","32","32","2109","93.9669891861127","0","0"
"602","old","80","55","35","35","2076","93.99241761446487","0","0"
"603","old","80","55","34","34","2052","94.27927927927928","0","0"
"604","old","80","55","41","41","2085","93.89746577337606","0","0"
"607","old","80","55","22","22","2091","93.74185136897","0","0"
"605","old","80","55","34","34","2072","92.87610619469027","0","0"
"606","old","80","55","31","31","2076","94.563787812363","0","0"
"608","old","80","55","37","37","2106","93.73215305539692","0","0"
"609","old","80","55","30","30","2089","94.06240970817683","0","0"
"610","old","80","55","28","28","2062","93.17269076305222","0","0"
"611","old","80","55","27","27","2058","93.78556454028151","0","0"
"612","old","80","55","32","32","2079","94.54837766734873","0","0"
"614","old","80","55","26","26","2095","94.33034422910038","0","0"
"615","old","80","55","32","32","2075","94.27688686185081","0","0"
"613","old","80","55","41","41","2070","93.25461254612546","0","0"
"616","old","80","55","24","24","2074","93.27817993795243","0","0"
"618","old","80","55","32","32","2040","94.20069834522545","0","0"
"617","old","80","55","40","40","2098","93.75810869251838","0","0"
"619","old","80","55","35","35","2072","94.21145894861193","0","0"
"620","old","80","55","46","46","2091","94.38071729345143","0","0"
"621","old","80","55","35","35","2060","93.70900417412045","0","0"
"622","old","80","55","32","32","2062","94.37416282184849","0","0"
"623","old","80","55","27","27","2103","93.87755102040816","0","0"
"624","old","80","55","26","26","2074","93.82063701746661","0","0"
"625","old","80","55","26","26","2068","93.76299376299376","0","0"
"626","old","80","55","28","28","2066","93.54312008312306","0","0"
"627","old","80","55","32","32","2105","93.89859639071899","0","0"
"628","old","80","55","42","42","2098","94.48365259974074","0","0"
"630","old","80","55","39","39","2073","94.2432273262662","0","0"
"629","old","80","55","47","47","2051","93.19072009641458","0","0"
"631","old","80","60","37","37","2104","96.65997706422019","0","0"
"634","old","80","60","32","32","2083","97.28665207877462","0","0"
"632","old","80","60","73","73","2119","97.10288298473714","0","0"
"633","old","80","60","64","64","2063","96.6041108132261","0","0"
"635","old","80","60","57","57","2123","96.58674188998589","0","0"
"636","old","80","60","36","36","2059","96.4765601672141","0","0"
"638","old","80","60","35","35","2079","96.47938976089189","0","0"
"637","old","80","60","45","45","2099","96.93877551020408","0","0"
"639","old","80","60","45","45","2045","96.88115064345193","0","0"
"641","old","80","60","32","32","2072","96.59873918780238","0","0"
"640","old","80","60","59","59","2074","96.28482972136223","0","0"
"642","old","80","60","35","35","2060","97.00937360511828","0","0"
"643","old","80","60","48","48","2094","96.33227022325312","0","0"
"644","old","80","60","42","42","2028","97.02607899954248","0","0"
"646","old","80","60","35","35","2059","96.91734921816828","0","0"
"645","old","80","60","43","43","2084","96.32826214160328","0","0"
"647","old","80","60","41","41","2082","96.57334499854184","0","0"
"648","old","80","60","38","38","2082","97.0764508112849","0","0"
"649","old","80","60","47","47","2083","96.43485915492957","0","0"
"650","old","80","60","44","44","2088","97.03199652526423","0","0"
"651","old","80","60","31","31","2051","96.85856004809861","0","0"
"654","old","80","60","38","38","2082","96.54819365218663","0","0"
"652","old","80","60","58","58","2102","96.48465638956922","0","0"
"653","old","80","60","53","53","2071","96.70702894270525","0","0"
"655","old","80","60","42","42","2070","97.1857963754236","0","0"
"657","old","80","60","42","42","2063","96.55530809205642","0","0"
"659","old","80","60","43","43","2069","96.51748666271487","0","0"
"656","old","80","60","53","53","2116","96.44072603516733","0","0"
"658","old","80","60","65","65","2107","96.52548456568557","0","0"
"660","old","80","60","55","55","2071","96.57777777777777","0","0"
"661","old","80","65","49","49","2091","98.39328878145884","0","0"
"662","old","80","65","54","54","2060","98.19462791721708","0","0"
"663","old","80","65","60","60","2098","98.5095613048369","0","0"
"666","old","80","65","35","35","2046","98.16730712385457","0","0"
"664","old","80","65","43","43","2089","98.05324935585456","0","0"
"665","old","80","65","44","44","2103","97.78091872791519","0","0"
"667","old","80","65","43","43","2061","98.37267262864682","0","0"
"668","old","80","65","44","44","2057","97.94160583941606","0","0"
"669","old","80","65","43","43","2110","97.92607223476298","0","0"
"670","old","80","65","51","51","2066","98.25935596170584","0","0"
"671","old","80","65","50","50","2064","98.09648358035454","0","0"
"672","old","80","65","35","35","2072","98.20990327703191","0","0"
"673","old","80","65","52","52","2070","98.10909090909091","0","0"
"676","old","80","65","37","37","2087","98.02744425385936","0","0"
"674","old","80","65","70","70","2078","98.44245745601384","0","0"
"675","old","80","65","65","65","2073","98.30753652538695","0","0"
"677","old","80","65","66","66","2072","97.95325881840616","0","0"
"679","old","80","65","47","47","2105","98.00706713780919","0","0"
"678","old","80","65","48","48","2055","98.25128581925055","0","0"
"680","old","80","65","51","51","2068","98.00640279394645","0","0"
"682","old","80","65","41","41","2095","98.19602272727272","0","0"
"681","old","80","65","53","53","2092","98.10487318324309","0","0"
"683","old","80","65","54","54","2088","98.24611435904748","0","0"
"684","old","80","65","55","55","2081","98.0195177956372","0","0"
"685","old","80","65","42","42","2127","98.29506393510243","0","0"
"686","old","80","65","50","50","2069","97.9588861350051","0","0"
"687","old","80","65","51","51","2075","98.16208393632417","0","0"
"688","old","80","65","59","59","2080","98.07358053302433","0","0"
"689","old","80","65","61","61","2101","97.99179748267571","0","0"
"690","old","80","65","45","45","2091","98.24736392134511","0","0"
"691","old","80","70","61","61","2073","99.54725523486134","0","0"
"692","old","80","70","74","74","2108","99.63170099577138","0","0"
"694","old","80","70","81","81","2117","99.24750307839649","0","0"
"693","old","80","70","100","100","2055","99.5689035781003","0","0"
"695","old","80","70","74","74","2082","99.59252494028382","0","0"
"696","old","80","70","91","91","2106","99.64123085414654","0","0"
"697","old","80","70","76","76","2074","99.57543164449476","0","0"
"698","old","80","70","80","80","2059","99.51875442321303","0","0"
"699","old","80","70","76","76","2107","99.57510964912281","0","0"
"700","old","80","70","64","64","2113","99.64755320591027","0","0"
"701","old","80","70","65","65","2101","99.49154871512987","0","0"
"702","old","80","70","81","81","2082","99.53625632377741","0","0"
"703","old","80","70","67","67","2094","99.50365366055426","0","0"
"704","old","80","70","72","72","2100","99.78118161925602","0","0"
"705","old","80","70","64","64","2089","99.48539638386649","0","0"
"707","old","80","70","56","56","2068","99.5774647887324","0","0"
"706","old","80","70","66","66","2126","99.60895361380798","0","0"
"709","old","80","70","77","77","2083","99.59446231296322","0","0"
"710","old","80","70","81","81","2083","99.47953298635532","0","0"
"708","old","80","70","115","115","2071","99.5505617977528","0","0"
"711","old","80","70","89","89","2053","99.58529958529958","0","0"
"712","old","80","70","74","74","2076","99.41019519730375","0","0"
"714","old","80","70","70","70","2097","99.6027397260274","0","0"
"713","old","80","70","83","83","2067","99.58765818285227","0","0"
"715","old","80","70","87","87","2119","99.41694915254237","0","0"
"716","old","80","70","62","62","2066","99.42359060874455","0","0"
"718","old","80","70","70","70","2089","99.553135037006","0","0"
"717","old","80","70","79","79","2110","99.51870187018702","0","0"
"721","old","90","15","7","7","2324","54.79287090558766","0","0"
"722","old","90","15","7","7","2346","54.210028382213814","0","0"
"719","old","80","70","65","65","2064","99.41728254690165","0","0"
"723","old","90","15","6","6","2379","55.26345999311215","0","0"
"724","old","90","15","7","7","2337","55.01548725279962","0","0"
"725","old","90","15","5","5","2346","54.64416381446949","0","0"
"726","old","90","15","6","6","2323","54.974136894021406","0","0"
"727","old","90","15","8","8","2328","53.96330495263221","0","0"
"728","old","90","15","5","5","2316","54.654400193681155","0","0"
"729","old","90","15","8","8","2345","56.55107113267842","0","0"
"730","old","90","15","9","9","2324","54.652844744455166","0","0"
"731","old","90","15","8","8","2332","55.16375806837198","0","0"
"732","old","90","15","5","5","2338","53.748366401330635","0","0"
"734","old","90","15","5","5","2320","55.07666304479053","0","0"
"735","old","90","15","5","5","2365","55.49488847583643","0","0"
"733","old","90","15","9","9","2343","55.992420653718625","0","0"
"720","old","80","70","83","83","2084","99.38504542278127","0","0"
"736","old","90","15","8","8","2363","54.75165755496103","0","0"
"737","old","90","15","7","7","2338","55.340152235965746","0","0"
"738","old","90","15","8","8","2302","55.952380952380956","0","0"
"740","old","90","15","5","5","2337","54.75538626354005","0","0"
"739","old","90","15","9","9","2343","54.81077233361016","0","0"
"741","old","90","15","6","6","2347","54.18143160878809","0","0"
"742","old","90","15","8","8","2370","54.904458598726116","0","0"
"743","old","90","15","6","6","2353","55.08046517091507","0","0"
"744","old","90","15","7","7","2305","55.19814090019569","0","0"
"745","old","90","15","7","7","2352","56.29481603385448","0","0"
"747","old","90","15","5","5","2349","55.939601274035624","0","0"
"746","old","90","15","7","7","2350","54.47489121486534","0","0"
"748","old","90","15","6","6","2350","55.9349976448422","0","0"
"750","old","90","15","5","5","2361","54.084967320261434","0","0"
"749","old","90","15","8","8","2317","54.24201966258041","0","0"
"751","old","90","20","5","5","2350","56.5161138555634","0","0"
"752","old","90","20","6","6","2332","56.3313044516052","0","0"
"754","old","90","20","6","6","2345","57.60792639773531","0","0"
"755","old","90","20","8","8","2335","56.543444668964696","0","0"
"753","old","90","20","11","11","2334","55.47627541919372","0","0"
"756","old","90","20","11","11","2330","56.67620410109681","0","0"
"757","old","90","20","6","6","2347","55.55032925682032","0","0"
"758","old","90","20","10","10","2337","56.68011390602753","0","0"
"760","old","90","20","6","6","2358","56.51211556383971","0","0"
"759","old","90","20","11","11","2350","58.158357771260995","0","0"
"761","old","90","20","8","8","2328","56.27912534352969","0","0"
"764","old","90","20","6","6","2322","56.020690484782875","0","0"
"762","old","90","20","9","9","2349","56.68191951190895","0","0"
"763","old","90","20","9","9","2339","56.8906268515227","0","0"
"765","old","90","20","8","8","2327","56.23129414581588","0","0"
"766","old","90","20","8","8","2342","57.469223484848484","0","0"
"767","old","90","20","8","8","2313","57.74767146486028","0","0"
"768","old","90","20","8","8","2360","56.487396910210244","0","0"
"769","old","90","20","10","10","2355","56.767180925666196","0","0"
"771","old","90","20","8","8","2363","55.754060324825986","0","0"
"770","old","90","20","10","10","2338","56.28856193640247","0","0"
"772","old","90","20","10","10","2321","55.428640134663944","0","0"
"773","old","90","20","8","8","2315","58.206429780033844","0","0"
"774","old","90","20","7","7","2312","57.93170259142649","0","0"
"775","old","90","20","6","6","2354","56.05475605475605","0","0"
"776","old","90","20","5","5","2347","55.06239698610784","0","0"
"777","old","90","20","6","6","2345","55.4979375368297","0","0"
"779","old","90","20","5","5","2358","55.60742210292916","0","0"
"780","old","90","20","7","7","2356","57.66670559383393","0","0"
"778","old","90","20","9","9","2322","56.820635872825434","0","0"
"781","old","90","25","9","9","2347","56.0478199718706","0","0"
"782","old","90","25","7","7","2350","57.54772221571612","0","0"
"783","old","90","25","7","7","2359","56.50605214152699","0","0"
"786","old","90","25","7","7","2337","56.25444207533759","0","0"
"784","old","90","25","14","14","2311","57.17738037699371","0","0"
"785","old","90","25","10","10","2354","57.223001402524545","0","0"
"787","old","90","25","7","7","2337","56.43576080521019","0","0"
"788","old","90","25","6","6","2332","55.543646540431105","0","0"
"789","old","90","25","7","7","2329","57.94425917103383","0","0"
"791","old","90","25","8","8","2345","56.52481433455145","0","0"
"790","old","90","25","11","11","2335","57.35625370480142","0","0"
"793","old","90","25","7","7","2319","55.935057125676494","0","0"
"792","old","90","25","10","10","2358","57.71381962246562","0","0"
"794","old","90","25","8","8","2337","56.93473883690632","0","0"
"796","old","90","25","5","5","2371","55.61823624222887","0","0"
"795","old","90","25","9","9","2349","56.812580683018425","0","0"
"797","old","90","25","5","5","2355","57.25797033749854","0","0"
"798","old","90","25","7","7","2332","55.80844001896633","0","0"
"800","old","90","25","7","7","2333","56.51864165281406","0","0"
"799","old","90","25","7","7","2330","57.64733953710331","0","0"
"801","old","90","25","8","8","2349","57.92998120300752","0","0"
"802","old","90","25","6","6","2316","55.88836761698545","0","0"
"804","old","90","25","7","7","2334","56.144092902002605","0","0"
"803","old","90","25","11","11","2314","60.653753026634384","0","0"
"805","old","90","25","9","9","2319","56.899448044156465","0","0"
"806","old","90","25","8","8","2333","55.73497981477084","0","0"
"807","old","90","25","7","7","2346","57.21006821924253","0","0"
"809","old","90","25","6","6","2330","57.29452463318621","0","0"
"808","old","90","25","7","7","2350","56.883421206795546","0","0"
"810","old","90","25","13","13","2324","56.937455068296195","0","0"
"811","old","90","30","15","15","2318","75.04826254826254","0","0"
"813","old","90","30","11","11","2358","75.25641025641025","0","0"
"812","old","90","30","17","17","2339","73.97260273972603","0","0"
"814","old","90","30","11","11","2313","73.4221683827983","0","0"
"816","old","90","30","16","16","2339","74.65339495200854","0","0"
"815","old","90","30","19","19","2323","73.56156156156156","0","0"
"817","old","90","30","13","13","2329","74.3509989233162","0","0"
"818","old","90","30","14","14","2333","73.98238514639371","0","0"
"820","old","90","30","13","13","2342","73.95216670613308","0","0"
"819","old","90","30","19","19","2363","73.00499477291207","0","0"
"821","old","90","30","19","19","2347","74.0270429159318","0","0"
"822","old","90","30","14","14","2340","73.57887257224064","0","0"
"823","old","90","30","13","13","2321","74.167167769092","0","0"
"825","old","90","30","12","12","2364","73.24123519851405","0","0"
"826","old","90","30","12","12","2350","75.78601595495073","0","0"
"824","old","90","30","20","20","2329","72.33787987556832","0","0"
"827","old","90","30","12","12","2326","75.53956834532374","0","0"
"828","old","90","30","14","14","2347","75.25894538606404","0","0"
"829","old","90","30","14","14","2353","76.05386416861826","0","0"
"830","old","90","30","14","14","2351","74.4496487119438","0","0"
"831","old","90","30","13","13","2350","74.82369534555711","0","0"
"832","old","90","30","14","14","2322","73.5421686746988","0","0"
"834","old","90","30","12","12","2382","72.54632807137955","0","0"
"833","old","90","30","17","17","2354","74.4161606725829","0","0"
"835","old","90","30","12","12","2353","74.8768472906404","0","0"
"836","old","90","30","14","14","2344","75.24775837659273","0","0"
"838","old","90","30","11","11","2333","73.53467828578249","0","0"
"839","old","90","30","16","16","2318","73.80091588334538","0","0"
"837","old","90","30","19","19","2322","74.59764592841701","0","0"
"840","old","90","30","16","16","2338","74.29113773875905","0","0"
"841","old","90","35","13","13","2360","75.13331787618827","0","0"
"842","old","90","35","13","13","2343","74.95873614713511","0","0"
"843","old","90","35","12","12","2341","73.63829285545862","0","0"
"844","old","90","35","12","12","2346","75.20244102804836","0","0"
"846","old","90","35","13","13","2314","74.54721081864284","0","0"
"845","old","90","35","18","18","2355","75.94037498544311","0","0"
"847","old","90","35","15","15","2330","77.89824854045038","0","0"
"849","old","90","35","16","16","2353","76.30044320037322","0","0"
"848","old","90","35","21","21","2333","75.59185606060606","0","0"
"850","old","90","35","15","15","2351","77.01754385964912","0","0"
"851","old","90","35","16","16","2335","76.78150070788108","0","0"
"855","old","90","35","14","14","2337","74.6090047393365","0","0"
"853","old","90","35","18","18","2359","76.16562282533054","0","0"
"852","old","90","35","22","22","2366","75.96076168493941","0","0"
"854","old","90","35","22","22","2343","77.41176470588236","0","0"
"857","old","90","35","10","10","2326","76.78699497967966","0","0"
"859","old","90","35","12","12","2331","74.62881577384486","0","0"
"856","old","90","35","21","21","2356","75.2296778695197","0","0"
"858","old","90","35","17","17","2331","75.69238083917746","0","0"
"860","old","90","35","18","18","2342","76.73897665644895","0","0"
"861","old","90","35","12","12","2361","76.37547981854135","0","0"
"863","old","90","35","11","11","2336","75.98676435830772","0","0"
"862","old","90","35","16","16","2326","76.10460950561261","0","0"
"864","old","90","35","12","12","2346","75.1763875823142","0","0"
"865","old","90","35","18","18","2343","75.66100094428705","0","0"
"867","old","90","35","18","18","2340","75.43342375280105","0","0"
"866","old","90","35","28","28","2325","75.46876866117282","0","0"
"868","old","90","35","16","16","2329","75.76046761302636","0","0"
"869","old","90","35","14","14","2370","76.6820276497696","0","0"
"870","old","90","35","13","13","2324","76.35928143712574","0","0"
"872","old","90","40","19","19","2340","81.75156600874601","0","0"
"871","old","90","40","30","30","2337","81.94791295041027","0","0"
"874","old","90","40","18","18","2342","81.84073724007561","0","0"
"873","old","90","40","24","24","2342","81.76137703371846","0","0"
"875","old","90","40","14","14","2330","82.12063188128292","0","0"
"876","old","90","40","17","17","2333","83.31942291641826","0","0"
"878","old","90","40","20","20","2340","83.48928106123415","0","0"
"879","old","90","40","16","16","2359","81.23177417473462","0","0"
"877","old","90","40","24","24","2351","82.61737089201878","0","0"
"880","old","90","40","18","18","2330","81.61236224245329","0","0"
"881","old","90","40","16","16","2390","82.93844235347466","0","0"
"883","old","90","40","18","18","2336","83.73722974578286","0","0"
"882","old","90","40","26","26","2330","81.66726382419682","0","0"
"884","old","90","40","20","20","2333","81.93848354792561","0","0"
"886","old","90","40","13","13","2338","82.02929617720615","0","0"
"885","old","90","40","17","17","2368","82.99988435295478","0","0"
"888","old","90","40","14","14","2350","81.22870903324328","0","0"
"887","old","90","40","23","23","2322","81.40431169456824","0","0"
"889","old","90","40","17","17","2332","82.11255825068706","0","0"
"890","old","90","40","18","18","2350","82.35017626321974","0","0"
"891","old","90","40","13","13","2366","82.88267378437972","0","0"
"892","old","90","40","15","15","2334","81.70659039447027","0","0"
"893","old","90","40","18","18","2359","81.34406720336017","0","0"
"894","old","90","40","16","16","2315","81.43444605708756","0","0"
"896","old","90","40","15","15","2347","80.91648015078337","0","0"
"895","old","90","40","18","18","2355","82.41282471331617","0","0"
"897","old","90","40","16","16","2335","82.34034962540136","0","0"
"898","old","90","40","23","23","2346","81.98772426817753","0","0"
"900","old","90","40","15","15","2326","80.52991248051794","0","0"
"899","old","90","40","21","21","2367","82.81774997103464","0","0"
"901","old","90","45","20","20","2349","87.08206686930092","0","0"
"903","old","90","45","20","20","2347","86.34660421545668","0","0"
"902","old","90","45","29","29","2342","86.59672285747966","0","0"
"904","old","90","45","29","29","2342","85.15386422363167","0","0"
"905","old","90","45","20","20","2341","86.03800306857076","0","0"
"907","old","90","45","19","19","2347","87.90114780979152","0","0"
"906","old","90","45","25","25","2344","87.37977949800609","0","0"
"909","old","90","45","16","16","2340","87.22877358490567","0","0"
"908","old","90","45","17","17","2350","87.24769571811925","0","0"
"911","old","90","45","19","19","2353","86.31271878646442","0","0"
"913","old","90","45","16","16","2345","86.85198217217922","0","0"
"910","old","90","45","24","24","2334","85.44056771141337","0","0"
"912","old","90","45","23","23","2319","87.437125748503","0","0"
"914","old","90","45","17","17","2375","87.13041485216594","0","0"
"917","old","90","45","15","15","2344","85.98943041691133","0","0"
"915","old","90","45","23","23","2356","87.06796566921828","0","0"
"916","old","90","45","27","27","2351","85.97311513734658","0","0"
"918","old","90","45","22","22","2329","85.99523241954708","0","0"
"919","old","90","45","20","20","2348","86.86028808994027","0","0"
"920","old","90","45","22","22","2341","86.22195985832349","0","0"
"921","old","90","45","23","23","2367","86.61906955320129","0","0"
"923","old","90","45","21","21","2323","86.75433353257621","0","0"
"922","old","90","45","27","27","2329","86.56751933372992","0","0"
"924","old","90","45","18","18","2351","87.42863800535943","0","0"
"925","old","90","45","21","21","2343","86.11864606675316","0","0"
"926","old","90","45","21","21","2341","85.86751532296087","0","0"
"927","old","90","45","21","21","2306","86.78580111840506","0","0"
"928","old","90","45","19","19","2369","86.9560211835137","0","0"
"929","old","90","45","29","29","2336","87.06285444234405","0","0"
"931","old","90","50","19","19","2321","86.95026962252847","0","0"
"930","old","90","45","20","20","2342","86.99541014475697","0","0"
"932","old","90","50","24","24","2355","86.72576694272716","0","0"
"933","old","90","50","16","16","2361","86.20289855072464","0","0"
"935","old","90","50","23","23","2345","85.53961909240536","0","0"
"934","old","90","50","25","25","2355","86.00837404047454","0","0"
"936","old","90","50","21","21","2334","87.5237191650854","0","0"
"937","old","90","50","33","33","2355","86.17923980006974","0","0"
"940","old","90","50","18","18","2344","86.47217974355958","0","0"
"938","old","90","50","22","22","2328","87.26258309591643","0","0"
"939","old","90","50","23","23","2353","88.50534635053464","0","0"
"943","old","90","50","20","20","2328","87.31405450434369","0","0"
"941","old","90","50","27","27","2344","86.70811825434069","0","0"
"944","old","90","50","25","25","2354","85.24341952014908","0","0"
"942","old","90","50","26","26","2372","86.57779820730866","0","0"
"945","old","90","50","21","21","2332","86.37061533010511","0","0"
"946","old","90","50","21","21","2339","86.56822209096279","0","0"
"947","old","90","50","22","22","2326","87.21248957216065","0","0"
"948","old","90","50","40","40","2369","87.26312162627771","0","0"
"949","old","90","50","20","20","2338","87.526526762556","0","0"
"951","old","90","50","14","14","2335","86.58753709198812","0","0"
"950","old","90","50","17","17","2335","86.33408204279466","0","0"
"953","old","90","50","17","17","2342","86.90476190476191","0","0"
"954","old","90","50","20","20","2306","85.32799805990057","0","0"
"952","old","90","50","20","20","2360","86.07022829991888","0","0"
"955","old","90","50","32","32","2343","87.41348973607039","0","0"
"956","old","90","50","22","22","2360","86.45206113941639","0","0"
"957","old","90","50","22","22","2327","85.96114884995829","0","0"
"958","old","90","50","22","22","2345","87.52054472880958","0","0"
"959","old","90","50","18","18","2345","87.21039082611748","0","0"
"960","old","90","50","22","22","2353","87.0828973375189","0","0"
"962","old","90","55","46","46","2345","94.34405069232574","0","0"
"961","old","90","55","58","58","2324","93.62535612535613","0","0"
"963","old","90","55","50","50","2320","93.88975248116705","0","0"
"964","old","90","55","78","78","2372","93.96927310249943","0","0"
"967","old","90","55","41","41","2320","93.8196191160618","0","0"
"965","old","90","55","62","62","2347","94.8738907052779","0","0"
"966","old","90","55","74","74","2348","94.16851700362277","0","0"
"969","old","90","55","41","41","2346","93.89187924175053","0","0"
"970","old","90","55","43","43","2343","94.14943609022556","0","0"
"968","old","90","55","78","78","2337","94.62226406213226","0","0"
"971","old","90","55","49","49","2364","94.54755043227667","0","0"
"973","old","90","55","48","48","2317","94.58163509949652","0","0"
"972","old","90","55","56","56","2346","93.96138092451726","0","0"
"975","old","90","55","61","61","2341","93.64182267749912","0","0"
"974","old","90","55","74","74","2322","94.54891692454177","0","0"
"977","old","90","55","46","46","2342","94.65837050950927","0","0"
"976","old","90","55","63","63","2338","94.56381354937184","0","0"
"979","old","90","55","54","54","2336","94.45689350159216","0","0"
"981","old","90","55","37","37","2324","94.6918418240114","0","0"
"978","old","90","55","73","73","2335","94.76408989292858","0","0"
"980","old","90","55","63","63","2361","93.486545790507","0","0"
"982","old","90","55","41","41","2319","93.27590332615459","0","0"
"983","old","90","55","53","53","2334","94.32649209719274","0","0"
"985","old","90","55","39","39","2344","94.13768796992481","0","0"
"984","old","90","55","55","55","2336","93.97448015122873","0","0"
"987","old","90","55","38","38","2340","94.90131578947368","0","0"
"986","old","90","55","62","62","2316","94.31205843611544","0","0"
"989","old","90","55","36","36","2366","94.21620380996099","0","0"
"988","old","90","55","58","58","2323","94.18147132466913","0","0"
"990","old","90","55","62","62","2351","93.98250728862973","0","0"
"993","old","90","60","131","131","2343","98.16973653532291","0","0"
"991","old","90","60","170","170","2342","97.94656399486641","0","0"
"992","old","90","60","203","203","2335","98.09859154929578","0","0"
"994","old","90","60","176","176","2336","98.11298640412565","0","0"
"995","old","90","60","131","131","2319","97.76483176792296","0","0"
"997","old","90","60","169","169","2346","97.94066317626528","0","0"
"996","old","90","60","218","218","2347","98.19934944237917","0","0"
"998","old","90","60","199","199","2350","98.18329090488312","0","0"
"999","old","90","60","153","153","2353","97.8368999421631","0","0"
"1000","old","90","60","141","141","2343","97.8653913449201","0","0"
"1001","old","90","60","158","158","2346","97.90648988136776","0","0"
"1002","old","90","60","172","172","2337","98.18352279385914","0","0"
"1003","old","90","60","176","176","2357","98.04079751066037","0","0"
"1004","old","90","60","126","126","2342","98.08567760009338","0","0"
"1005","old","90","60","118","118","2354","98.08136846971799","0","0"
"1007","old","90","60","197","197","2345","97.88002329644729","0","0"
"1006","old","90","60","220","220","2353","97.80041676313962","0","0"
"1008","old","90","60","189","189","2354","97.79037482646923","0","0"
"1009","old","90","60","171","171","2371","98.24501424501425","0","0"
"1010","old","90","60","184","184","2338","98.17330210772833","0","0"
"1011","old","90","60","193","193","2360","98.29767655854612","0","0"
"1013","old","90","60","164","164","2363","97.83032946848812","0","0"
"1012","old","90","60","197","197","2347","97.80207000814049","0","0"
"1016","old","90","60","131","131","2347","98.23358512492737","0","0"
"1014","old","90","60","179","179","2363","97.96878586183153","0","0"
"1015","old","90","60","156","156","2378","98.06056481796529","0","0"
"1017","old","90","60","162","162","2348","98.14169570267131","0","0"
"1018","old","90","60","148","148","2326","97.85950804162725","0","0"
"1020","old","90","60","128","128","2340","97.85864732038381","0","0"
"1019","old","90","60","145","145","2341","97.84820488831716","0","0"
"1021","old","90","65","177","177","2343","98.38466008134804","0","0"
"1024","old","90","65","66","66","2338","98.57775705292609","0","0"
"1023","old","90","65","122","122","2329","98.37933059307105","0","0"
"1022","old","90","65","153","153","2336","98.30488660275894","0","0"
"1025","old","90","65","110","110","2338","98.52050326188258","0","0"
"1026","old","90","65","119","119","2352","98.50023073373328","0","0"
"1028","old","90","65","110","110","2321","98.32171138163338","0","0"
"1029","old","90","65","129","129","2326","98.33765621315727","0","0"
"1027","old","90","65","206","206","2323","98.08238636363636","0","0"
"1030","old","90","65","91","91","2319","98.45464197239589","0","0"
"1031","old","90","65","81","81","2311","98.2468694096601","0","0"
"1034","old","90","65","95","95","2334","98.73846513257797","0","0"
"1032","old","90","65","119","119","2353","97.93278669592331","0","0"
"1033","old","90","65","211","211","2333","97.79472140762464","0","0"
"1035","old","90","65","169","169","2349","98.35781195790447","0","0"
"1036","old","90","65","110","110","2336","98.36582234154314","0","0"
"1037","old","90","65","179","179","2363","98.63828813365375","0","0"
"1039","old","90","65","119","119","2342","98.45743446996057","0","0"
"1038","old","90","65","161","161","2326","98.37321702227986","0","0"
"1040","old","90","65","124","124","2362","98.53513389791715","0","0"
"1041","old","90","65","107","107","2354","98.23692094952754","0","0"
"1042","old","90","65","102","102","2323","98.57328145265889","0","0"
"1043","old","90","65","93","93","2334","98.34015195791935","0","0"
"1044","old","90","65","103","103","2317","98.4004739336493","0","0"
"1046","old","90","65","119","119","2330","98.41772151898735","0","0"
"1048","old","90","65","148","148","2337","98.15183062346473","0","0"
"1045","old","90","65","229","229","2333","98.07421324565524","0","0"
"1047","old","90","65","182","182","2337","98.29379455416618","0","0"
"1049","old","90","65","117","117","2354","98.4820607175713","0","0"
"1050","old","90","65","114","114","2370","98.54694062890226","0","0"
"1051","old","90","70","234","234","2349","99.67985364738166","0","0"
"1054","old","90","70","214","214","2335","99.60811433840479","0","0"
"1052","old","90","70","343","343","2325","99.61636828644501","0","0"
"1053","old","90","70","287","287","2338","99.79236359441688","0","0"
"1055","old","90","70","230","230","2332","99.54735376044567","0","0"
"1056","old","90","70","211","211","2345","99.56376994604523","0","0"
"1057","old","90","70","273","273","2339","99.59682064278309","0","0"
"1058","old","90","70","337","337","2353","99.48565550348611","0","0"
"1059","old","90","70","342","342","2360","99.68156488115547","0","0"
"1061","old","90","70","212","212","2339","99.65433805737989","0","0"
"1063","old","90","70","215","215","2350","99.69082789419443","0","0"
"1064","old","90","70","250","250","2338","99.51417004048582","0","0"
"1062","old","90","70","413","413","2365","99.60398280153882","0","0"
"1060","old","90","70","672","672","2357","99.55601092896174","0","0"
"1065","old","90","70","157","157","2344","99.69018932874356","0","0"
"1066","old","90","70","121","121","2337","99.64207366354924","0","0"
"1068","old","90","70","233","233","2328","99.60400652224551","0","0"
"1067","old","90","70","388","388","2320","99.62603716255697","0","0"
"1070","old","90","70","287","287","2330","99.53520799442249","0","0"
"1069","old","90","70","340","340","2356","99.70393987702117","0","0"
"1073","old","90","70","228","228","2331","99.5589600742804","0","0"
"1074","old","90","70","222","222","2341","99.58582604693972","0","0"
"1071","old","90","70","476","476","2343","99.66670497643949","0","0"
"1072","old","90","70","425","425","2336","99.53789279112755","0","0"
"1075","old","90","70","274","274","2317","99.5785530320768","0","0"
"1077","old","90","70","243","243","2354","99.58955649298825","0","0"
"1076","old","90","70","351","351","2346","99.52916858061552","0","0"
"1081","old","95","15","9","9","2455","54.89159745442779","0","0"
"1078","old","90","70","278","278","2329","99.62782042335427","0","0"
"1082","old","95","15","8","8","2450","56.32582322357019","0","0"
"1083","old","95","15","10","10","2505","55.775201821569034","0","0"
"1084","old","95","15","9","9","2464","56.7208904109589","0","0"
"1086","old","95","15","8","8","2472","55.13869699224148","0","0"
"1085","old","95","15","10","10","2488","57.42605412208937","0","0"
"1088","old","95","15","8","8","2441","54.60497599301615","0","0"
"1087","old","95","15","16","16","2468","55.478502080443825","0","0"
"1089","old","95","15","7","7","2468","54.66467640473398","0","0"
"1090","old","95","15","7","7","2445","56.24388653407239","0","0"
"1091","old","95","15","7","7","2481","54.83598776500369","0","0"
"1092","old","95","15","10","10","2447","56.15784908933218","0","0"
"1093","old","95","15","11","11","2471","54.87234042553192","0","0"
"1094","old","95","15","8","8","2463","56.50128314798973","0","0"
"1095","old","95","15","8","8","2482","55.6691253951528","0","0"
"1096","old","95","15","8","8","2465","55.97477554510475","0","0"
"1097","old","95","15","6","6","2464","55.85123436999038","0","0"
"1098","old","95","15","7","7","2464","54.498824535157084","0","0"
"1099","old","95","15","7","7","2468","54.912000000000006","0","0"
"1100","old","95","15","7","7","2479","55.33713802578736","0","0"
"1101","old","95","15","7","7","2450","55.38961038961039","0","0"
"1102","old","95","15","6","6","2461","55.21347350354001","0","0"
"1104","old","95","15","8","8","2470","57.0348279902013","0","0"
"1103","old","95","15","18","18","2487","57.169850934285115","0","0"
"1105","old","95","15","7","7","2480","56.13905325443787","0","0"
"1106","old","95","15","8","8","2476","56.66878710771841","0","0"
"1107","old","95","15","9","9","2484","54.397051079515535","0","0"
"1109","old","95","15","7","7","2482","54.21063739974673","0","0"
"1108","old","95","15","12","12","2464","56.1758100737889","0","0"
"1110","old","95","15","7","7","2466","55.705128205128204","0","0"
"1111","old","95","20","7","7","2455","56.32072421597155","0","0"
"1113","old","95","20","6","6","2471","55.846088435374156","0","0"
"1112","old","95","20","11","11","2477","54.63590177815411","0","0"
"1080","old","90","70","195","195","2302","99.5609871855719","0","0"
"1114","old","95","20","10","10","2468","55.9547926218147","0","0"
"1116","old","95","20","8","8","2488","56.39358019511172","0","0"
"1115","old","95","20","15","15","2482","56.182143986507846","0","0"
"1117","old","95","20","10","10","2458","56.05068184258564","0","0"
"1118","old","95","20","8","8","2455","54.91335701216231","0","0"
"1119","old","95","20","5","5","2459","54.973709625496305","0","0"
"1120","old","95","20","7","7","2465","56.38695884553715","0","0"
"1121","old","95","20","6","6","2477","56.397502381204355","0","0"
"1122","old","95","20","7","7","2475","55.569687334393215","0","0"
"1123","old","95","20","14","14","2468","55.710632857447266","0","0"
"1124","old","95","20","10","10","2465","54.85903460059804","0","0"
"1125","old","95","20","9","9","2474","57.03837184651262","0","0"
"1127","old","95","20","7","7","2469","56.15024473292189","0","0"
"1126","old","95","20","9","9","2478","56.16670192511106","0","0"
"1128","old","95","20","13","13","2487","56.8639798488665","0","0"
"1129","old","95","20","9","9","2470","56.65779670037254","0","0"
"1130","old","95","20","7","7","2479","54.003803084724275","0","0"
"1079","old","90","70","352","352","2346","99.50727626905007","0","0"
"1131","old","95","20","8","8","2472","55.232125783490915","0","0"
"1132","old","95","20","8","8","2488","55.70138597228056","0","0"
"1133","old","95","20","7","7","2456","55.959552495697075","0","0"
"1134","old","95","20","8","8","2473","56.001699596345865","0","0"
"1136","old","95","20","6","6","2488","55.18254301300881","0","0"
"1135","old","95","20","7","7","2480","56.91820580474934","0","0"
"1137","old","95","20","7","7","2497","54.65334166146158","0","0"
"1138","old","95","20","8","8","2468","56.07805502239284","0","0"
"1140","old","95","20","9","9","2473","57.03522920203735","0","0"
"1139","old","95","20","9","9","2471","55.993205223484445","0","0"
"1142","old","95","25","7","7","2471","56.13848768054376","0","0"
"1141","old","95","25","14","14","2493","55.72742474916388","0","0"
"1145","old","95","25","6","6","2463","53.61233008669593","0","0"
"1143","old","95","25","10","10","2468","56.26331487004686","0","0"
"1144","old","95","25","9","9","2470","55.046261831330426","0","0"
"1146","old","95","25","7","7","2455","56.095986226191755","0","0"
"1149","old","95","25","5","5","2489","52.779813632080405","0","0"
"1147","old","95","25","7","7","2470","55.316657796700376","0","0"
"1148","old","95","25","9","9","2481","54.44959932517926","0","0"
"1150","old","95","25","8","8","2463","55.396299069419186","0","0"
"1151","old","95","25","6","6","2466","57.03158344003414","0","0"
"1153","old","95","25","8","8","2473","55.244458585215824","0","0"
"1154","old","95","25","6","6","2486","55.59058427910887","0","0"
"1152","old","95","25","15","15","2470","56.95933750928973","0","0"
"1155","old","95","25","10","10","2470","55.667800935772014","0","0"
"1156","old","95","25","8","8","2471","54.96597192683964","0","0"
"1157","old","95","25","8","8","2471","54.761904761904766","0","0"
"1159","old","95","25","7","7","2465","56.9841947885519","0","0"
"1160","old","95","25","7","7","2466","55.722827247490926","0","0"
"1161","old","95","25","6","6","2452","56.712387946862506","0","0"
"1158","old","95","25","11","11","2473","57.03680135751406","0","0"
"1162","old","95","25","7","7","2464","53.875720691864196","0","0"
"1163","old","95","25","7","7","2485","55.547376169944265","0","0"
"1164","old","95","25","8","8","2477","56.694162436548226","0","0"
"1165","old","95","25","9","9","2466","55.87796031576702","0","0"
"1167","old","95","25","6","6","2477","54.778283416234515","0","0"
"1166","old","95","25","8","8","2453","55.13193322563274","0","0"
"1168","old","95","25","8","8","2476","55.02382212811011","0","0"
"1169","old","95","25","13","13","2465","56.12517355548435","0","0"
"1170","old","95","25","6","6","2460","55.03377291733676","0","0"
"1172","old","95","30","18","18","2476","75.12706480304956","0","0"
"1171","old","95","30","22","22","2486","75.99706129303107","0","0"
"1173","old","95","30","17","17","2485","73.68145119010171","0","0"
"1174","old","95","30","18","18","2467","74.92537313432835","0","0"
"1176","old","95","30","16","16","2458","74.22536721346627","0","0"
"1175","old","95","30","24","24","2470","75.98086124401914","0","0"
"1177","old","95","30","20","20","2472","75.86536419622001","0","0"
"1178","old","95","30","21","21","2470","74.2501595405233","0","0"
"1179","old","95","30","14","14","2493","73.76398034911675","0","0"
"1180","old","95","30","18","18","2463","76.86790837079855","0","0"
"1182","old","95","30","18","18","2460","74.68937446443873","0","0"
"1181","old","95","30","19","19","2471","75.58102515122572","0","0"
"1183","old","95","30","16","16","2487","74.75575165458557","0","0"
"1185","old","95","30","16","16","2483","75.73653198653199","0","0"
"1186","old","95","30","17","17","2490","76.27366879380688","0","0"
"1184","old","95","30","22","22","2474","74.84110169491525","0","0"
"1187","old","95","30","13","13","2481","73.4937216418698","0","0"
"1189","old","95","30","14","14","2466","75.2906046710035","0","0"
"1188","old","95","30","16","16","2468","76.62046908315565","0","0"
"1190","old","95","30","17","17","2470","74.54004041263427","0","0"
"1191","old","95","30","20","20","2465","74.60758142018152","0","0"
"1193","old","95","30","14","14","2482","73.56285533796589","0","0"
"1192","old","95","30","28","28","2478","73.64921907978051","0","0"
"1195","old","95","30","16","16","2479","74.87591086703982","0","0"
"1197","old","95","30","19","19","2466","75.1464791733248","0","0"
"1194","old","95","30","54","54","2465","74.94660401537804","0","0"
"1198","old","95","30","24","24","2466","74.08945686900958","0","0"
"1199","old","95","30","19","19","2461","73.5143223599829","0","0"
"1201","old","95","35","18","18","2464","77.77540563620838","0","0"
"1200","old","95","30","20","20","2456","75.25230835301696","0","0"
"1202","old","95","35","14","14","2461","75.11471561199446","0","0"
"1204","old","95","35","14","14","2483","74.51907915484074","0","0"
"1203","old","95","35","17","17","2476","76.37728666596172","0","0"
"1205","old","95","35","19","19","2442","75.94785442694187","0","0"
"1206","old","95","35","13","13","2478","75.28765966430909","0","0"
"1207","old","95","35","16","16","2486","74.38155136268344","0","0"
"1208","old","95","35","12","12","2476","74.06742047976329","0","0"
"1210","old","95","35","12","12","2473","75.7498675145734","0","0"
"1209","old","95","35","18","18","2474","76.77152843978392","0","0"
"1211","old","95","35","14","14","2458","74.20600858369099","0","0"
"1213","old","95","35","14","14","2493","74.58298582151794","0","0"
"1214","old","95","35","17","17","2450","74.46372749811361","0","0"
"1212","old","95","35","48","48","2483","74.02433906840118","0","0"
"1215","old","95","35","28","28","2479","75.74799831437","0","0"
"1216","old","95","35","16","16","2474","77.20876097767432","0","0"
"1217","old","95","35","14","14","2454","75.32774554051149","0","0"
"1218","old","95","35","17","17","2476","77.62643860204835","0","0"
"1219","old","95","35","28","28","2464","74.39701173959446","0","0"
"1221","old","95","35","18","18","2453","76.24784853700515","0","0"
"1220","old","95","35","31","31","2459","76.9239002461736","0","0"
"1222","old","95","35","17","17","2484","75.98234923303215","0","0"
"1223","old","95","35","17","17","2498","76.15983393876492","0","0"
"1224","old","95","35","18","18","2465","75.82897963535558","0","0"
"1225","old","95","35","27","27","2472","74.3714861567837","0","0"
"1226","old","95","35","20","20","2471","76.4655994911481","0","0"
"1227","old","95","35","18","18","2465","75.60247387502666","0","0"
"1228","old","95","35","13","13","2464","75.05862289490514","0","0"
"1229","old","95","35","25","25","2489","75.79090718625602","0","0"
"1231","old","95","40","19","19","2484","83.8495575221239","0","0"
"1232","old","95","40","15","15","2476","83.15689180605548","0","0"
"1233","old","95","40","17","17","2485","83.61035135703766","0","0"
"1230","old","95","35","75","75","2486","73.94123183101537","0","0"
"1234","old","95","40","27","27","2446","83.55762969394401","0","0"
"1235","old","95","40","20","20","2481","84.81399515228159","0","0"
"1236","old","95","40","23","23","2471","83.14009147962983","0","0"
"1238","old","95","40","17","17","2473","82.75385433280171","0","0"
"1237","old","95","40","24","24","2484","84.35989068740804","0","0"
"1240","old","95","40","20","20","2475","83.16402116402116","0","0"
"1241","old","95","40","16","16","2459","83.38345864661653","0","0"
"1239","old","95","40","26","26","2501","83.911508101371","0","0"
"1242","old","95","40","20","20","2479","83.84680312302173","0","0"
"1244","old","95","40","20","20","2453","83.27755586742956","0","0"
"1243","old","95","40","23","23","2458","84.28785928785929","0","0"
"1245","old","95","40","18","18","2439","83.26780253385758","0","0"
"1246","old","95","40","18","18","2481","83.86517328825022","0","0"
"1247","old","95","40","21","21","2481","84.72500791723847","0","0"
"1248","old","95","40","19","19","2473","83.18104547386315","0","0"
"1249","old","95","40","23","23","2468","83.2302112225304","0","0"
"1250","old","95","40","28","28","2479","84.96248546972419","0","0"
"1252","old","95","40","15","15","2467","83.0253178079265","0","0"
"1251","old","95","40","23","23","2470","82.80004252152652","0","0"
"1253","old","95","40","19","19","2474","82.88747346072188","0","0"
"1255","old","95","40","17","17","2448","82.44986449864498","0","0"
"1254","old","95","40","23","23","2491","82.72546765597241","0","0"
"1256","old","95","40","25","25","2465","84.67129877071085","0","0"
"1257","old","95","40","23","23","2495","83.40638697557921","0","0"
"1258","old","95","40","21","21","2480","82.7677065767285","0","0"
"1260","old","95","40","20","20","2469","82.97645680196015","0","0"
"1259","old","95","40","30","30","2478","83.56772760917839","0","0"
"1261","old","95","45","23","23","2495","87.13602329450914","0","0"
"1263","old","95","45","25","25","2471","86.26910016977929","0","0"
"1262","old","95","45","28","28","2472","87.45235069885642","0","0"
"1264","old","95","45","26","26","2473","87.2052447922174","0","0"
"1266","old","95","45","21","21","2485","86.92913385826772","0","0"
"1267","old","95","45","18","18","2464","85.67014702748776","0","0"
"1265","old","95","45","35","35","2469","86.54499151103565","0","0"
"1269","old","95","45","22","22","2431","87.80220982387047","0","0"
"1270","old","95","45","22","22","2462","86.27639155470249","0","0"
"1268","old","95","45","29","29","2483","86.39363150727978","0","0"
"1271","old","95","45","28","28","2463","87.13282247765007","0","0"
"1273","old","95","45","21","21","2459","88.31765711842667","0","0"
"1272","old","95","45","21","21","2470","87.65092141495447","0","0"
"1274","old","95","45","24","24","2469","88.49218999043671","0","0"
"1275","old","95","45","23","23","2484","86.03187919463086","0","0"
"1276","old","95","45","24","24","2492","86.64858662772504","0","0"
"1277","old","95","45","21","21","2463","87.33055822392998","0","0"
"1278","old","95","45","26","26","2471","85.83518459748228","0","0"
"1279","old","95","45","30","30","2457","87.66991330407792","0","0"
"1280","old","95","45","22","22","2465","86.80629385498618","0","0"
"1282","old","95","45","19","19","2469","86.11347216319592","0","0"
"1281","old","95","45","24","24","2472","85.88846480067855","0","0"
"1283","old","95","45","22","22","2473","87.2072072072072","0","0"
"1284","old","95","45","18","18","2469","86.57112526539278","0","0"
"1285","old","95","45","18","18","2465","86.29495637369654","0","0"
"1287","old","95","45","24","24","2466","86.80289484887186","0","0"
"1286","old","95","45","29","29","2459","84.91171749598716","0","0"
"1288","old","95","45","32","32","2457","86.67095253401908","0","0"
"1289","old","95","45","19","19","2468","86.16137960400255","0","0"
"1290","old","95","45","22","22","2470","85.8853449189361","0","0"
"1291","old","95","50","34","34","2471","86.44300984231135","0","0"
"1292","old","95","50","32","32","2469","86.61926994906621","0","0"
"1293","old","95","50","19","19","2474","85.61607615018508","0","0"
"1294","old","95","50","30","30","2470","87.71483131763208","0","0"
"1296","old","95","50","26","26","2472","87.36385746008249","0","0"
"1295","old","95","50","33","33","2473","86.61317567567568","0","0"
"1297","old","95","50","29","29","2492","87.20566784746822","0","0"
"1298","old","95","50","26","26","2481","87.31445415306874","0","0"
"1299","old","95","50","31","31","2471","85.74610244988864","0","0"
"1300","old","95","50","26","26","2478","87.77379949452401","0","0"
"1301","old","95","50","27","27","2493","86.816854401335","0","0"
"1302","old","95","50","20","20","2477","86.45393068469993","0","0"
"1303","old","95","50","21","21","2473","87.3044397463002","0","0"
"1304","old","95","50","24","24","2459","86.56350053361793","0","0"
"1305","old","95","50","26","26","2468","84.2820730671198","0","0"
"1306","old","95","50","19","19","2475","86.38865368331922","0","0"
"1307","old","95","50","26","26","2475","87.20905628438426","0","0"
"1308","old","95","50","26","26","2472","85.2502380700455","0","0"
"1309","old","95","50","24","24","2474","86.70117249392626","0","0"
"1310","old","95","50","19","19","2462","86.16816431322208","0","0"
"1312","old","95","50","20","20","2480","86.11636210880067","0","0"
"1311","old","95","50","34","34","2485","87.07375931171966","0","0"
"1313","old","95","50","28","28","2475","88.44528939585973","0","0"
"1315","old","95","50","19","19","2460","85.98030821917808","0","0"
"1314","old","95","50","25","25","2458","86.83901292596946","0","0"
"1316","old","95","50","20","20","2477","86.46965699208444","0","0"
"1317","old","95","50","25","25","2478","85.43996623760287","0","0"
"1318","old","95","50","26","26","2470","86.89743045232532","0","0"
"1319","old","95","50","26","26","2461","86.55039589129039","0","0"
"1320","old","95","50","24","24","2489","86.44669520726741","0","0"
"1321","old","95","55","69","69","2463","95.17403373905616","0","0"
"1324","old","95","55","109","109","2465","95.38002980625932","0","0"
"1323","old","95","55","182","182","2488","95.97364568081991","0","0"
"1325","old","95","55","78","78","2447","95.3224586799179","0","0"
"1322","old","95","55","326","326","2463","96.39697260419999","0","0"
"1326","old","95","55","149","149","2461","95.3423779510736","0","0"
"1327","old","95","55","81","81","2468","96.01657106437222","0","0"
"1328","old","95","55","85","85","2479","95.98905147910305","0","0"
"1329","old","95","55","91","91","2457","95.24627105912651","0","0"
"1331","old","95","55","74","74","2481","95.63981042654028","0","0"
"1330","old","95","55","108","108","2453","95.51661111708418","0","0"
"1333","old","95","55","63","63","2457","95.85963410720018","0","0"
"1332","old","95","55","73","73","2475","95.96322519285638","0","0"
"1334","old","95","55","127","127","2462","95.21725205508702","0","0"
"1335","old","95","55","191","191","2485","96.33162142333089","0","0"
"1336","old","95","55","222","222","2486","96.99570815450643","0","0"
"1337","old","95","55","171","171","2477","95.50158394931361","0","0"
"1338","old","95","55","73","73","2459","95.03105590062113","0","0"
"1340","old","95","55","104","104","2463","95.27315407597098","0","0"
"1339","old","95","55","117","117","2483","95.67226890756302","0","0"
"1341","old","95","55","109","109","2457","95.41067981985846","0","0"
"1342","old","95","55","91","91","2462","94.75203078238563","0","0"
"1343","old","95","55","165","165","2473","95.84038950042337","0","0"
"1344","old","95","55","122","122","2456","95.2728052310001","0","0"
"1345","old","95","55","91","91","2496","96.30631567995006","0","0"
"1346","old","95","55","110","110","2467","95.9923461252259","0","0"
"1347","old","95","55","136","136","2494","96.48063306955436","0","0"
"1348","old","95","55","139","139","2459","95.13710368466153","0","0"
"1349","old","95","55","183","183","2478","96.07760438633488","0","0"
"1350","old","95","55","348","348","2481","95.94608823839107","0","0"
"1352","old","95","60","761","761","2463","98.89620038208449","0","0"
"1353","old","95","60","998","998","2481","98.94229762278772","0","0"
"1354","old","95","60","976","976","2479","98.93036912751678","0","0"
"1355","old","95","60","1067","1067","2468","99.18578830495929","0","0"
"1356","old","95","60","538","538","2470","98.8276299112801","0","0"
"1358","old","95","60","479","479","2467","98.93133001798752","0","0"
"1357","old","95","60","815","815","2456","98.9543320529236","0","0"
"1359","old","95","60","582","582","2461","98.72421858388263","0","0"
"1360","old","95","60","454","454","2461","98.82002763899223","0","0"
"1361","old","95","60","520","520","2456","98.68729989327642","0","0"
"1363","old","95","60","832","832","2467","98.94157493649449","0","0"
"1364","old","95","60","1078","1078","2478","99.0450204638472","0","0"
"1196","old","95","30","10000","10000","2476","72.8512527751348","0.5654281098546041","14"
"1366","old","95","60","500","500","2464","98.84350132625994","0","0"
"1367","old","95","60","520","520","2474","98.8624394354329","0","0"
"1368","old","95","60","576","576","2488","98.92674794206523","0","0"
"1369","old","95","60","724","724","2470","98.73230509190788","0","0"
"1351","old","95","60","10000","10000","2506","98.92030848329048","0.6384676775738228","16"
"1371","old","95","60","496","496","2469","98.93279797125952","0","0"
"1370","old","95","60","891","891","2465","98.85508321848829","0","0"
"1373","old","95","60","651","651","2487","99.00928146834916","0","0"
"1372","old","95","60","1122","1122","2473","98.8091474338708","0","0"
"1375","old","95","60","523","523","2480","98.9517819706499","0","0"
"1374","old","95","60","1295","1295","2474","98.84283610351356","0","0"
"1376","old","95","60","602","602","2473","98.92586352148273","0","0"
"1362","old","95","60","10000","10000","2476","98.83354350567465","0.48465266558966075","12"
"1377","old","95","60","611","611","2467","98.9311038205101","0","0"
"1378","old","95","60","693","693","2475","98.95888106004837","0","0"
"1379","old","95","60","654","654","2471","99.02963822381605","0","0"
"1380","old","95","60","654","654","2464","99.05590325660337","0","0"
"1382","old","95","65","516","516","2455","98.86872998932765","0","0"
"1381","old","95","65","952","952","2473","99.08449963169525","0","0"
"1383","old","95","65","817","817","2477","99.00210084033614","0","0"
"1384","old","95","65","583","583","2478","98.97199202769328","0","0"
"1385","old","95","65","671","671","2469","98.91258445945947","0","0"
"1388","old","95","65","337","337","2475","98.88608659100461","0","0"
"1386","old","95","65","916","916","2453","98.83484767504008","0","0"
"1365","old","95","60","10000","10000","2466","98.86616509483946","1.013787510137875","25"
"1387","old","95","65","907","907","2456","99.08286232270449","0","0"
"1391","old","95","65","367","367","2461","98.95954984605585","0","0"
"1389","old","95","65","458","458","2472","99.06217070600633","0","0"
"1392","old","95","65","516","516","2483","99.09062402006899","0","0"
"1390","old","95","65","599","599","2470","99.19814306815783","0","0"
"1393","old","95","65","590","590","2472","98.98840885142255","0","0"
"1396","old","95","65","453","453","2473","99.11588253868014","0","0"
"1395","old","95","65","540","540","2452","98.85561497326204","0","0"
"1398","old","95","65","565","565","2475","98.84283610351356","0","0"
"1397","old","95","65","564","564","2473","99.18921764767822","0","0"
"1394","old","95","65","1312","1312","2490","99.01165210153974","0","0"
"1399","old","95","65","679","679","2464","99.03489235337788","0","0"
"1400","old","95","65","325","325","2446","98.86107231116364","0","0"
"1401","old","95","65","493","493","2468","99.0068674062335","0","0"
"1403","old","95","65","527","527","2460","99.11833439558106","0","0"
"1404","old","95","65","475","475","2458","98.8607325383305","0","0"
"1405","old","95","65","539","539","2463","99.0450928381963","0","0"
"1406","old","95","65","347","347","2486","99.01950558047355","0","0"
"1407","old","95","65","409","409","2475","99.15922228060955","0","0"
"1409","old","95","65","608","608","2467","98.9846641988366","0","0"
"1410","old","95","65","701","701","2480","98.97274633123689","0","0"
"1402","old","95","65","2756","2756","2463","99.05580309781456","0","0"
"1408","old","95","65","1695","1695","2494","99.08751555371215","0","0"
"1414","old","95","70","519","519","2451","99.73412740614698","0","0"
"1413","old","95","70","1249","1249","2469","99.76915005246589","0","0"
"1412","old","95","70","4162","4162","2464","99.68374446552815","0","0"
"1417","old","95","70","996","996","2476","99.79096989966555","0","0"
"1418","old","95","70","634","634","2463","99.7260562638289","0","0"
"1416","old","95","70","6396","6396","2468","99.69473684210526","0","0"
"1411","old","95","70","10000","10000","2471","98.88795635753253","1.41643059490085","35"
"1420","old","95","70","1406","1406","2482","99.781204417587","0","0"
"1421","old","95","70","471","471","2477","99.83289817232375","0","0"
"1415","old","95","70","10000","10000","2473","99.2239932885906","0.8491710473109584","21"
"1424","old","95","70","985","985","2465","99.70504582323818","0","0"
"1425","old","95","70","817","817","2475","99.80137988710015","0","0"
"1426","old","95","70","2055","2055","2456","99.60746870358582","0","0"
"1419","old","95","70","10000","10000","2471","99.22236233711644","1.2545528126264671","31"
"1427","old","95","70","744","744","2474","99.76972995603936","0","0"
"1422","old","95","70","10000","10000","2480","98.580375782881","1.8145161290322582","45"
"1423","old","95","70","10000","10000","2465","98.59793379717479","1.5010141987829615","37"
"1431","old","95","70","1730","1730","2479","99.8226395409494","0","0"
"1432","old","95","70","1292","1292","2475","99.74900648399915","0","0"
"1433","old","95","70","1346","1346","2476","99.7804954531201","0","0"
"1428","old","95","70","10000","10000","2476","98.16657936092194","2.1809369951534734","54"
"1429","old","95","70","10000","10000","2488","98.32553302132085","2.130225080385852","53"
"1435","old","95","70","522","522","2449","99.72296217368141","0","0"
"1437","old","95","70","688","688","2450","99.70149253731343","0","0"
"1434","old","95","70","3188","3188","2489","99.86511724424155","0","0"
"1438","old","95","70","779","779","2461","99.71491922711435","0","0"
"1430","old","95","70","10000","10000","2483","98.76955161626695","1.6109544905356425","40"
"1436","old","95","70","7988","7988","2466","99.71554993678888","0","0"
"1439","old","95","70","8901","8901","2469","99.72645975802209","0","0"
"1440","old","95","70","10000","10000","2494","98.2407119942047","2.165196471531676","54"
